term,geo,window_start,window_end,date,value,pulled_at
whole house generator,US-TX,2024-05-15,2024-09-15,2024-05-15,0,2026-09-26T04:22Z
whole house generator,US-TX,2024-05-15,2024-09-15,2024-05-16,0,2026-09-26T04:22Z
whole house generator,US-TX,2024-05-15,2024-09-15,2024-05-17,20,2026-09-26T04:22Z
whole house generator,US-TX,2024-05-15,2024-09-15,2024-05-18,30,2026-09-26T04:22Z
whole house generator,US-TX,2024-05-15,2024-09-15,2024-05-19,29,2026-09-26T04:22Z
whole house generator,US-TX,2024-05-15,2024-09-15,2024-05-20,16,2026-09-26T04:22Z
whole house generator,US-TX,2024-05-15,2024-09-15,2024-05-21,17,2026-09-26T04:22Z
whole house generator,US-TX,2024-05-15,2024-09-15,2024-05-22,14,2026-09-26T04:22Z
whole house generator,US-TX,2024-05-15,2024-09-15,2024-05-23,14,2026-09-26T04:22Z
whole house generator,US-TX,2024-05-15,2024-09-15,2024-05-24,0,2026-09-26T04:22Z
whole house generator,US-TX,2024-05-15,2024-09-15,2024-05-25,0,2026-09-26T04:22Z
whole house generator,US-TX,2024-05-15,2024-09-15,2024-05-26,0,2026-09-26T04:22Z
whole house generator,US-TX,2024-05-15,2024-09-15,2024-05-27,0,2026-09-26T04:22Z
whole house generator,US-TX,2024-05-15,2024-09-15,2024-05-28,15,2026-09-26T04:22Z
whole house generator,US-TX,2024-05-15,2024-09-15,2024-05-29,20,2026-09-26T04:22Z
whole house generator,US-TX,2024-05-15,2024-09-15,2024-05-30,17,2026-09-26T04:22Z
whole house generator,US-TX,2024-05-15,2024-09-15,2024-05-31,21,2026-09-26T04:22Z
whole house generator,US-TX,2024-05-15,2024-09-15,2024-06-01,0,2026-09-26T04:22Z
whole house generator,US-TX,2024-05-15,2024-09-15,2024-06-02,0,2026-09-26T04:22Z
whole house generator,US-TX,2024-05-15,2024-09-15,2024-06-03,0,2026-09-26T04:22Z
whole house generator,US-TX,2024-05-15,2024-09-15,2024-06-04,15,2026-09-26T04:22Z
whole house generator,US-TX,2024-05-15,2024-09-15,2024-06-05,0,2026-09-26T04:22Z
whole house generator,US-TX,2024-05-15,2024-09-15,2024-06-06,13,2026-09-26T04:22Z
whole house generator,US-TX,2024-05-15,2024-09-15,2024-06-07,0,2026-09-26T04:22Z
whole house generator,US-TX,2024-05-15,2024-09-15,2024-06-08,0,2026-09-26T04:22Z
whole house generator,US-TX,2024-05-15,2024-09-15,2024-06-09,0,2026-09-26T04:22Z
whole house generator,US-TX,2024-05-15,2024-09-15,2024-06-10,0,2026-09-26T04:22Z
whole house generator,US-TX,2024-05-15,2024-09-15,2024-06-11,0,2026-09-26T04:22Z
whole house generator,US-TX,2024-05-15,2024-09-15,2024-06-12,0,2026-09-26T04:22Z
whole house generator,US-TX,2024-05-15,2024-09-15,2024-06-13,0,2026-09-26T04:22Z
whole house generator,US-TX,2024-05-15,2024-09-15,2024-06-14,0,2026-09-26T04:22Z
whole house generator,US-TX,2024-05-15,2024-09-15,2024-06-15,0,2026-09-26T04:22Z
whole house generator,US-TX,2024-05-15,2024-09-15,2024-06-16,0,2026-09-26T04:22Z
whole house generator,US-TX,2024-05-15,2024-09-15,2024-06-17,0,2026-09-26T04:22Z
whole house generator,US-TX,2024-05-15,2024-09-15,2024-06-18,0,2026-09-26T04:22Z
whole house generator,US-TX,2024-05-15,2024-09-15,2024-06-19,0,2026-09-26T04:22Z
whole house generator,US-TX,2024-05-15,2024-09-15,2024-06-20,0,2026-09-26T04:22Z
whole house generator,US-TX,2024-05-15,2024-09-15,2024-06-21,0,2026-09-26T04:22Z
whole house generator,US-TX,2024-05-15,2024-09-15,2024-06-22,0,2026-09-26T04:22Z
whole house generator,US-TX,2024-05-15,2024-09-15,2024-06-23,0,2026-09-26T04:22Z
whole house generator,US-TX,2024-05-15,2024-09-15,2024-06-24,0,2026-09-26T04:22Z
whole house generator,US-TX,2024-05-15,2024-09-15,2024-06-25,0,2026-09-26T04:22Z
whole house generator,US-TX,2024-05-15,2024-09-15,2024-06-26,0,2026-09-26T04:22Z
whole house generator,US-TX,2024-05-15,2024-09-15,2024-06-27,0,2026-09-26T04:22Z
whole house generator,US-TX,2024-05-15,2024-09-15,2024-06-28,0,2026-09-26T04:22Z
whole house generator,US-TX,2024-05-15,2024-09-15,2024-06-29,0,2026-09-26T04:22Z
whole house generator,US-TX,2024-05-15,2024-09-15,2024-06-30,0,2026-09-26T04:22Z
whole house generator,US-TX,2024-05-15,2024-09-15,2024-07-01,0,2026-09-26T04:22Z
whole house generator,US-TX,2024-05-15,2024-09-15,2024-07-02,0,2026-09-26T04:22Z
whole house generator,US-TX,2024-05-15,2024-09-15,2024-07-03,0,2026-09-26T04:22Z
whole house generator,US-TX,2024-05-15,2024-09-15,2024-07-04,0,2026-09-26T04:22Z
whole house generator,US-TX,2024-05-15,2024-09-15,2024-07-05,0,2026-09-26T04:22Z
whole house generator,US-TX,2024-05-15,2024-09-15,2024-07-06,0,2026-09-26T04:22Z
whole house generator,US-TX,2024-05-15,2024-09-15,2024-07-07,20,2026-09-26T04:22Z
whole house generator,US-TX,2024-05-15,2024-09-15,2024-07-08,60,2026-09-26T04:22Z
whole house generator,US-TX,2024-05-15,2024-09-15,2024-07-09,100,2026-09-26T04:22Z
whole house generator,US-TX,2024-05-15,2024-09-15,2024-07-10,90,2026-09-26T04:22Z
whole house generator,US-TX,2024-05-15,2024-09-15,2024-07-11,81,2026-09-26T04:22Z
whole house generator,US-TX,2024-05-15,2024-09-15,2024-07-12,58,2026-09-26T04:22Z
whole house generator,US-TX,2024-05-15,2024-09-15,2024-07-13,33,2026-09-26T04:22Z
whole house generator,US-TX,2024-05-15,2024-09-15,2024-07-14,33,2026-09-26T04:22Z
whole house generator,US-TX,2024-05-15,2024-09-15,2024-07-15,34,2026-09-26T04:22Z
whole house generator,US-TX,2024-05-15,2024-09-15,2024-07-16,22,2026-09-26T04:22Z
whole house generator,US-TX,2024-05-15,2024-09-15,2024-07-17,17,2026-09-26T04:22Z
whole house generator,US-TX,2024-05-15,2024-09-15,2024-07-18,0,2026-09-26T04:22Z
whole house generator,US-TX,2024-05-15,2024-09-15,2024-07-19,20,2026-09-26T04:22Z
whole house generator,US-TX,2024-05-15,2024-09-15,2024-07-20,0,2026-09-26T04:22Z
whole house generator,US-TX,2024-05-15,2024-09-15,2024-07-21,0,2026-09-26T04:22Z
whole house generator,US-TX,2024-05-15,2024-09-15,2024-07-22,0,2026-09-26T04:22Z
whole house generator,US-TX,2024-05-15,2024-09-15,2024-07-23,0,2026-09-26T04:22Z
whole house generator,US-TX,2024-05-15,2024-09-15,2024-07-24,0,2026-09-26T04:22Z
whole house generator,US-TX,2024-05-15,2024-09-15,2024-07-25,0,2026-09-26T04:22Z
whole house generator,US-TX,2024-05-15,2024-09-15,2024-07-26,0,2026-09-26T04:22Z
whole house generator,US-TX,2024-05-15,2024-09-15,2024-07-27,0,2026-09-26T04:22Z
whole house generator,US-TX,2024-05-15,2024-09-15,2024-07-28,19,2026-09-26T04:22Z
whole house generator,US-TX,2024-05-15,2024-09-15,2024-07-29,0,2026-09-26T04:22Z
whole house generator,US-TX,2024-05-15,2024-09-15,2024-07-30,0,2026-09-26T04:22Z
whole house generator,US-TX,2024-05-15,2024-09-15,2024-07-31,0,2026-09-26T04:22Z
whole house generator,US-TX,2024-05-15,2024-09-15,2024-08-01,0,2026-09-26T04:22Z
whole house generator,US-TX,2024-05-15,2024-09-15,2024-08-02,0,2026-09-26T04:22Z
whole house generator,US-TX,2024-05-15,2024-09-15,2024-08-03,0,2026-09-26T04:22Z
whole house generator,US-TX,2024-05-15,2024-09-15,2024-08-04,0,2026-09-26T04:22Z
whole house generator,US-TX,2024-05-15,2024-09-15,2024-08-05,0,2026-09-26T04:22Z
whole house generator,US-TX,2024-05-15,2024-09-15,2024-08-06,0,2026-09-26T04:22Z
whole house generator,US-TX,2024-05-15,2024-09-15,2024-08-07,0,2026-09-26T04:22Z
whole house generator,US-TX,2024-05-15,2024-09-15,2024-08-08,0,2026-09-26T04:22Z
whole house generator,US-TX,2024-05-15,2024-09-15,2024-08-09,0,2026-09-26T04:22Z
whole house generator,US-TX,2024-05-15,2024-09-15,2024-08-10,0,2026-09-26T04:22Z
whole house generator,US-TX,2024-05-15,2024-09-15,2024-08-11,0,2026-09-26T04:22Z
whole house generator,US-TX,2024-05-15,2024-09-15,2024-08-12,0,2026-09-26T04:22Z
whole house generator,US-TX,2024-05-15,2024-09-15,2024-08-13,0,2026-09-26T04:22Z
whole house generator,US-TX,2024-05-15,2024-09-15,2024-08-14,0,2026-09-26T04:22Z
whole house generator,US-TX,2024-05-15,2024-09-15,2024-08-15,0,2026-09-26T04:22Z
whole house generator,US-TX,2024-05-15,2024-09-15,2024-08-16,0,2026-09-26T04:22Z
whole house generator,US-TX,2024-05-15,2024-09-15,2024-08-17,0,2026-09-26T04:22Z
whole house generator,US-TX,2024-05-15,2024-09-15,2024-08-18,0,2026-09-26T04:22Z
whole house generator,US-TX,2024-05-15,2024-09-15,2024-08-19,0,2026-09-26T04:22Z
whole house generator,US-TX,2024-05-15,2024-09-15,2024-08-20,0,2026-09-26T04:22Z
whole house generator,US-TX,2024-05-15,2024-09-15,2024-08-21,0,2026-09-26T04:22Z
whole house generator,US-TX,2024-05-15,2024-09-15,2024-08-22,0,2026-09-26T04:22Z
whole house generator,US-TX,2024-05-15,2024-09-15,2024-08-23,0,2026-09-26T04:22Z
whole house generator,US-TX,2024-05-15,2024-09-15,2024-08-24,0,2026-09-26T04:22Z
whole house generator,US-TX,2024-05-15,2024-09-15,2024-08-25,0,2026-09-26T04:22Z
whole house generator,US-TX,2024-05-15,2024-09-15,2024-08-26,0,2026-09-26T04:22Z
whole house generator,US-TX,2024-05-15,2024-09-15,2024-08-27,0,2026-09-26T04:22Z
whole house generator,US-TX,2024-05-15,2024-09-15,2024-08-28,0,2026-09-26T04:22Z
whole house generator,US-TX,2024-05-15,2024-09-15,2024-08-29,0,2026-09-26T04:22Z
whole house generator,US-TX,2024-05-15,2024-09-15,2024-08-30,0,2026-09-26T04:22Z
whole house generator,US-TX,2024-05-15,2024-09-15,2024-08-31,0,2026-09-26T04:22Z
whole house generator,US-TX,2024-05-15,2024-09-15,2024-09-01,0,2026-09-26T04:22Z
whole house generator,US-TX,2024-05-15,2024-09-15,2024-09-02,0,2026-09-26T04:22Z
whole house generator,US-TX,2024-05-15,2024-09-15,2024-09-03,0,2026-09-26T04:22Z
whole house generator,US-TX,2024-05-15,2024-09-15,2024-09-04,0,2026-09-26T04:22Z
whole house generator,US-TX,2024-05-15,2024-09-15,2024-09-05,0,2026-09-26T04:22Z
whole house generator,US-TX,2024-05-15,2024-09-15,2024-09-06,0,2026-09-26T04:22Z
whole house generator,US-TX,2024-05-15,2024-09-15,2024-09-07,0,2026-09-26T04:22Z
whole house generator,US-TX,2024-05-15,2024-09-15,2024-09-08,0,2026-09-26T04:22Z
whole house generator,US-TX,2024-05-15,2024-09-15,2024-09-09,0,2026-09-26T04:22Z
whole house generator,US-TX,2024-05-15,2024-09-15,2024-09-10,0,2026-09-26T04:22Z
whole house generator,US-TX,2024-05-15,2024-09-15,2024-09-11,0,2026-09-26T04:22Z
whole house generator,US-TX,2024-05-15,2024-09-15,2024-09-12,0,2026-09-26T04:22Z
whole house generator,US-TX,2024-05-15,2024-09-15,2024-09-13,12,2026-09-26T04:22Z
whole house generator,US-TX,2024-05-15,2024-09-15,2024-09-14,0,2026-09-26T04:22Z
whole house generator,US-TX,2024-05-15,2024-09-15,2024-09-15,0,2026-09-26T04:22Z
whole house generator,US-NC,2024-08-01,2024-12-01,2024-08-01,0,2026-09-26T04:22Z
whole house generator,US-NC,2024-08-01,2024-12-01,2024-08-02,0,2026-09-26T04:22Z
whole house generator,US-NC,2024-08-01,2024-12-01,2024-08-03,0,2026-09-26T04:22Z
whole house generator,US-NC,2024-08-01,2024-12-01,2024-08-04,0,2026-09-26T04:22Z
whole house generator,US-NC,2024-08-01,2024-12-01,2024-08-05,0,2026-09-26T04:22Z
whole house generator,US-NC,2024-08-01,2024-12-01,2024-08-06,0,2026-09-26T04:22Z
whole house generator,US-NC,2024-08-01,2024-12-01,2024-08-07,0,2026-09-26T04:22Z
whole house generator,US-NC,2024-08-01,2024-12-01,2024-08-08,0,2026-09-26T04:22Z
whole house generator,US-NC,2024-08-01,2024-12-01,2024-08-09,0,2026-09-26T04:22Z
whole house generator,US-NC,2024-08-01,2024-12-01,2024-08-10,0,2026-09-26T04:22Z
whole house generator,US-NC,2024-08-01,2024-12-01,2024-08-11,0,2026-09-26T04:22Z
whole house generator,US-NC,2024-08-01,2024-12-01,2024-08-12,0,2026-09-26T04:22Z
whole house generator,US-NC,2024-08-01,2024-12-01,2024-08-13,0,2026-09-26T04:22Z
whole house generator,US-NC,2024-08-01,2024-12-01,2024-08-14,0,2026-09-26T04:22Z
whole house generator,US-NC,2024-08-01,2024-12-01,2024-08-15,0,2026-09-26T04:22Z
whole house generator,US-NC,2024-08-01,2024-12-01,2024-08-16,0,2026-09-26T04:22Z
whole house generator,US-NC,2024-08-01,2024-12-01,2024-08-17,0,2026-09-26T04:22Z
whole house generator,US-NC,2024-08-01,2024-12-01,2024-08-18,0,2026-09-26T04:22Z
whole house generator,US-NC,2024-08-01,2024-12-01,2024-08-19,0,2026-09-26T04:22Z
whole house generator,US-NC,2024-08-01,2024-12-01,2024-08-20,0,2026-09-26T04:22Z
whole house generator,US-NC,2024-08-01,2024-12-01,2024-08-21,0,2026-09-26T04:22Z
whole house generator,US-NC,2024-08-01,2024-12-01,2024-08-22,0,2026-09-26T04:22Z
whole house generator,US-NC,2024-08-01,2024-12-01,2024-08-23,0,2026-09-26T04:22Z
whole house generator,US-NC,2024-08-01,2024-12-01,2024-08-24,0,2026-09-26T04:22Z
whole house generator,US-NC,2024-08-01,2024-12-01,2024-08-25,0,2026-09-26T04:22Z
whole house generator,US-NC,2024-08-01,2024-12-01,2024-08-26,0,2026-09-26T04:22Z
whole house generator,US-NC,2024-08-01,2024-12-01,2024-08-27,0,2026-09-26T04:22Z
whole house generator,US-NC,2024-08-01,2024-12-01,2024-08-28,0,2026-09-26T04:22Z
whole house generator,US-NC,2024-08-01,2024-12-01,2024-08-29,0,2026-09-26T04:22Z
whole house generator,US-NC,2024-08-01,2024-12-01,2024-08-30,0,2026-09-26T04:22Z
whole house generator,US-NC,2024-08-01,2024-12-01,2024-08-31,0,2026-09-26T04:22Z
whole house generator,US-NC,2024-08-01,2024-12-01,2024-09-01,0,2026-09-26T04:22Z
whole house generator,US-NC,2024-08-01,2024-12-01,2024-09-02,0,2026-09-26T04:22Z
whole house generator,US-NC,2024-08-01,2024-12-01,2024-09-03,0,2026-09-26T04:22Z
whole house generator,US-NC,2024-08-01,2024-12-01,2024-09-04,0,2026-09-26T04:22Z
whole house generator,US-NC,2024-08-01,2024-12-01,2024-09-05,0,2026-09-26T04:22Z
whole house generator,US-NC,2024-08-01,2024-12-01,2024-09-06,0,2026-09-26T04:22Z
whole house generator,US-NC,2024-08-01,2024-12-01,2024-09-07,0,2026-09-26T04:22Z
whole house generator,US-NC,2024-08-01,2024-12-01,2024-09-08,0,2026-09-26T04:22Z
whole house generator,US-NC,2024-08-01,2024-12-01,2024-09-09,0,2026-09-26T04:22Z
whole house generator,US-NC,2024-08-01,2024-12-01,2024-09-10,0,2026-09-26T04:22Z
whole house generator,US-NC,2024-08-01,2024-12-01,2024-09-11,0,2026-09-26T04:22Z
whole house generator,US-NC,2024-08-01,2024-12-01,2024-09-12,0,2026-09-26T04:22Z
whole house generator,US-NC,2024-08-01,2024-12-01,2024-09-13,0,2026-09-26T04:22Z
whole house generator,US-NC,2024-08-01,2024-12-01,2024-09-14,0,2026-09-26T04:22Z
whole house generator,US-NC,2024-08-01,2024-12-01,2024-09-15,0,2026-09-26T04:22Z
whole house generator,US-NC,2024-08-01,2024-12-01,2024-09-16,0,2026-09-26T04:22Z
whole house generator,US-NC,2024-08-01,2024-12-01,2024-09-17,0,2026-09-26T04:22Z
whole house generator,US-NC,2024-08-01,2024-12-01,2024-09-18,0,2026-09-26T04:22Z
whole house generator,US-NC,2024-08-01,2024-12-01,2024-09-19,0,2026-09-26T04:22Z
whole house generator,US-NC,2024-08-01,2024-12-01,2024-09-20,0,2026-09-26T04:22Z
whole house generator,US-NC,2024-08-01,2024-12-01,2024-09-21,0,2026-09-26T04:22Z
whole house generator,US-NC,2024-08-01,2024-12-01,2024-09-22,0,2026-09-26T04:22Z
whole house generator,US-NC,2024-08-01,2024-12-01,2024-09-23,0,2026-09-26T04:22Z
whole house generator,US-NC,2024-08-01,2024-12-01,2024-09-24,0,2026-09-26T04:22Z
whole house generator,US-NC,2024-08-01,2024-12-01,2024-09-25,0,2026-09-26T04:22Z
whole house generator,US-NC,2024-08-01,2024-12-01,2024-09-26,0,2026-09-26T04:22Z
whole house generator,US-NC,2024-08-01,2024-12-01,2024-09-27,69,2026-09-26T04:22Z
whole house generator,US-NC,2024-08-01,2024-12-01,2024-09-28,100,2026-09-26T04:22Z
whole house generator,US-NC,2024-08-01,2024-12-01,2024-09-29,66,2026-09-26T04:22Z
whole house generator,US-NC,2024-08-01,2024-12-01,2024-09-30,54,2026-09-26T04:22Z
whole house generator,US-NC,2024-08-01,2024-12-01,2024-10-01,0,2026-09-26T04:22Z
whole house generator,US-NC,2024-08-01,2024-12-01,2024-10-02,0,2026-09-26T04:22Z
whole house generator,US-NC,2024-08-01,2024-12-01,2024-10-03,0,2026-09-26T04:22Z
whole house generator,US-NC,2024-08-01,2024-12-01,2024-10-04,47,2026-09-26T04:22Z
whole house generator,US-NC,2024-08-01,2024-12-01,2024-10-05,0,2026-09-26T04:22Z
whole house generator,US-NC,2024-08-01,2024-12-01,2024-10-06,0,2026-09-26T04:22Z
whole house generator,US-NC,2024-08-01,2024-12-01,2024-10-07,0,2026-09-26T04:22Z
whole house generator,US-NC,2024-08-01,2024-12-01,2024-10-08,49,2026-09-26T04:22Z
whole house generator,US-NC,2024-08-01,2024-12-01,2024-10-09,0,2026-09-26T04:22Z
whole house generator,US-NC,2024-08-01,2024-12-01,2024-10-10,0,2026-09-26T04:22Z
whole house generator,US-NC,2024-08-01,2024-12-01,2024-10-11,0,2026-09-26T04:22Z
whole house generator,US-NC,2024-08-01,2024-12-01,2024-10-12,0,2026-09-26T04:22Z
whole house generator,US-NC,2024-08-01,2024-12-01,2024-10-13,0,2026-09-26T04:22Z
whole house generator,US-NC,2024-08-01,2024-12-01,2024-10-14,0,2026-09-26T04:22Z
whole house generator,US-NC,2024-08-01,2024-12-01,2024-10-15,0,2026-09-26T04:22Z
whole house generator,US-NC,2024-08-01,2024-12-01,2024-10-16,0,2026-09-26T04:22Z
whole house generator,US-NC,2024-08-01,2024-12-01,2024-10-17,0,2026-09-26T04:22Z
whole house generator,US-NC,2024-08-01,2024-12-01,2024-10-18,0,2026-09-26T04:22Z
whole house generator,US-NC,2024-08-01,2024-12-01,2024-10-19,0,2026-09-26T04:22Z
whole house generator,US-NC,2024-08-01,2024-12-01,2024-10-20,0,2026-09-26T04:22Z
whole house generator,US-NC,2024-08-01,2024-12-01,2024-10-21,0,2026-09-26T04:22Z
whole house generator,US-NC,2024-08-01,2024-12-01,2024-10-22,0,2026-09-26T04:22Z
whole house generator,US-NC,2024-08-01,2024-12-01,2024-10-23,0,2026-09-26T04:22Z
whole house generator,US-NC,2024-08-01,2024-12-01,2024-10-24,0,2026-09-26T04:22Z
whole house generator,US-NC,2024-08-01,2024-12-01,2024-10-25,0,2026-09-26T04:22Z
whole house generator,US-NC,2024-08-01,2024-12-01,2024-10-26,0,2026-09-26T04:22Z
whole house generator,US-NC,2024-08-01,2024-12-01,2024-10-27,0,2026-09-26T04:22Z
whole house generator,US-NC,2024-08-01,2024-12-01,2024-10-28,0,2026-09-26T04:22Z
whole house generator,US-NC,2024-08-01,2024-12-01,2024-10-29,0,2026-09-26T04:22Z
whole house generator,US-NC,2024-08-01,2024-12-01,2024-10-30,0,2026-09-26T04:22Z
whole house generator,US-NC,2024-08-01,2024-12-01,2024-10-31,0,2026-09-26T04:22Z
whole house generator,US-NC,2024-08-01,2024-12-01,2024-11-01,0,2026-09-26T04:22Z
whole house generator,US-NC,2024-08-01,2024-12-01,2024-11-02,0,2026-09-26T04:22Z
whole house generator,US-NC,2024-08-01,2024-12-01,2024-11-03,0,2026-09-26T04:22Z
whole house generator,US-NC,2024-08-01,2024-12-01,2024-11-04,0,2026-09-26T04:22Z
whole house generator,US-NC,2024-08-01,2024-12-01,2024-11-05,0,2026-09-26T04:22Z
whole house generator,US-NC,2024-08-01,2024-12-01,2024-11-06,0,2026-09-26T04:22Z
whole house generator,US-NC,2024-08-01,2024-12-01,2024-11-07,0,2026-09-26T04:22Z
whole house generator,US-NC,2024-08-01,2024-12-01,2024-11-08,0,2026-09-26T04:22Z
whole house generator,US-NC,2024-08-01,2024-12-01,2024-11-09,0,2026-09-26T04:22Z
whole house generator,US-NC,2024-08-01,2024-12-01,2024-11-10,0,2026-09-26T04:22Z
whole house generator,US-NC,2024-08-01,2024-12-01,2024-11-11,0,2026-09-26T04:22Z
whole house generator,US-NC,2024-08-01,2024-12-01,2024-11-12,0,2026-09-26T04:22Z
whole house generator,US-NC,2024-08-01,2024-12-01,2024-11-13,0,2026-09-26T04:22Z
whole house generator,US-NC,2024-08-01,2024-12-01,2024-11-14,0,2026-09-26T04:22Z
whole house generator,US-NC,2024-08-01,2024-12-01,2024-11-15,0,2026-09-26T04:22Z
whole house generator,US-NC,2024-08-01,2024-12-01,2024-11-16,0,2026-09-26T04:22Z
whole house generator,US-NC,2024-08-01,2024-12-01,2024-11-17,0,2026-09-26T04:22Z
whole house generator,US-NC,2024-08-01,2024-12-01,2024-11-18,0,2026-09-26T04:22Z
whole house generator,US-NC,2024-08-01,2024-12-01,2024-11-19,0,2026-09-26T04:22Z
whole house generator,US-NC,2024-08-01,2024-12-01,2024-11-20,0,2026-09-26T04:22Z
whole house generator,US-NC,2024-08-01,2024-12-01,2024-11-21,0,2026-09-26T04:22Z
whole house generator,US-NC,2024-08-01,2024-12-01,2024-11-22,0,2026-09-26T04:22Z
whole house generator,US-NC,2024-08-01,2024-12-01,2024-11-23,0,2026-09-26T04:22Z
whole house generator,US-NC,2024-08-01,2024-12-01,2024-11-24,0,2026-09-26T04:22Z
whole house generator,US-NC,2024-08-01,2024-12-01,2024-11-25,0,2026-09-26T04:22Z
whole house generator,US-NC,2024-08-01,2024-12-01,2024-11-26,0,2026-09-26T04:22Z
whole house generator,US-NC,2024-08-01,2024-12-01,2024-11-27,0,2026-09-26T04:22Z
whole house generator,US-NC,2024-08-01,2024-12-01,2024-11-28,0,2026-09-26T04:22Z
whole house generator,US-NC,2024-08-01,2024-12-01,2024-11-29,0,2026-09-26T04:22Z
whole house generator,US-NC,2024-08-01,2024-12-01,2024-11-30,0,2026-09-26T04:22Z
whole house generator,US-NC,2024-08-01,2024-12-01,2024-12-01,0,2026-09-26T04:22Z
whole house generator,US-FL,2024-08-15,2024-12-15,2024-08-15,0,2026-09-26T04:22Z
whole house generator,US-FL,2024-08-15,2024-12-15,2024-08-16,0,2026-09-26T04:22Z
whole house generator,US-FL,2024-08-15,2024-12-15,2024-08-17,0,2026-09-26T04:22Z
whole house generator,US-FL,2024-08-15,2024-12-15,2024-08-18,0,2026-09-26T04:22Z
whole house generator,US-FL,2024-08-15,2024-12-15,2024-08-19,0,2026-09-26T04:22Z
whole house generator,US-FL,2024-08-15,2024-12-15,2024-08-20,0,2026-09-26T04:22Z
whole house generator,US-FL,2024-08-15,2024-12-15,2024-08-21,0,2026-09-26T04:22Z
whole house generator,US-FL,2024-08-15,2024-12-15,2024-08-22,0,2026-09-26T04:22Z
whole house generator,US-FL,2024-08-15,2024-12-15,2024-08-23,0,2026-09-26T04:22Z
whole house generator,US-FL,2024-08-15,2024-12-15,2024-08-24,0,2026-09-26T04:22Z
whole house generator,US-FL,2024-08-15,2024-12-15,2024-08-25,0,2026-09-26T04:22Z
whole house generator,US-FL,2024-08-15,2024-12-15,2024-08-26,17,2026-09-26T04:22Z
whole house generator,US-FL,2024-08-15,2024-12-15,2024-08-27,0,2026-09-26T04:22Z
whole house generator,US-FL,2024-08-15,2024-12-15,2024-08-28,0,2026-09-26T04:22Z
whole house generator,US-FL,2024-08-15,2024-12-15,2024-08-29,0,2026-09-26T04:22Z
whole house generator,US-FL,2024-08-15,2024-12-15,2024-08-30,0,2026-09-26T04:22Z
whole house generator,US-FL,2024-08-15,2024-12-15,2024-08-31,0,2026-09-26T04:22Z
whole house generator,US-FL,2024-08-15,2024-12-15,2024-09-01,0,2026-09-26T04:22Z
whole house generator,US-FL,2024-08-15,2024-12-15,2024-09-02,0,2026-09-26T04:22Z
whole house generator,US-FL,2024-08-15,2024-12-15,2024-09-03,0,2026-09-26T04:22Z
whole house generator,US-FL,2024-08-15,2024-12-15,2024-09-04,0,2026-09-26T04:22Z
whole house generator,US-FL,2024-08-15,2024-12-15,2024-09-05,0,2026-09-26T04:22Z
whole house generator,US-FL,2024-08-15,2024-12-15,2024-09-06,0,2026-09-26T04:22Z
whole house generator,US-FL,2024-08-15,2024-12-15,2024-09-07,0,2026-09-26T04:22Z
whole house generator,US-FL,2024-08-15,2024-12-15,2024-09-08,0,2026-09-26T04:22Z
whole house generator,US-FL,2024-08-15,2024-12-15,2024-09-09,0,2026-09-26T04:22Z
whole house generator,US-FL,2024-08-15,2024-12-15,2024-09-10,0,2026-09-26T04:22Z
whole house generator,US-FL,2024-08-15,2024-12-15,2024-09-11,0,2026-09-26T04:22Z
whole house generator,US-FL,2024-08-15,2024-12-15,2024-09-12,0,2026-09-26T04:22Z
whole house generator,US-FL,2024-08-15,2024-12-15,2024-09-13,0,2026-09-26T04:22Z
whole house generator,US-FL,2024-08-15,2024-12-15,2024-09-14,0,2026-09-26T04:22Z
whole house generator,US-FL,2024-08-15,2024-12-15,2024-09-15,0,2026-09-26T04:22Z
whole house generator,US-FL,2024-08-15,2024-12-15,2024-09-16,0,2026-09-26T04:22Z
whole house generator,US-FL,2024-08-15,2024-12-15,2024-09-17,0,2026-09-26T04:22Z
whole house generator,US-FL,2024-08-15,2024-12-15,2024-09-18,14,2026-09-26T04:22Z
whole house generator,US-FL,2024-08-15,2024-12-15,2024-09-19,0,2026-09-26T04:22Z
whole house generator,US-FL,2024-08-15,2024-12-15,2024-09-20,0,2026-09-26T04:22Z
whole house generator,US-FL,2024-08-15,2024-12-15,2024-09-21,0,2026-09-26T04:22Z
whole house generator,US-FL,2024-08-15,2024-12-15,2024-09-22,0,2026-09-26T04:22Z
whole house generator,US-FL,2024-08-15,2024-12-15,2024-09-23,0,2026-09-26T04:22Z
whole house generator,US-FL,2024-08-15,2024-12-15,2024-09-24,0,2026-09-26T04:22Z
whole house generator,US-FL,2024-08-15,2024-12-15,2024-09-25,25,2026-09-26T04:22Z
whole house generator,US-FL,2024-08-15,2024-12-15,2024-09-26,22,2026-09-26T04:22Z
whole house generator,US-FL,2024-08-15,2024-12-15,2024-09-27,31,2026-09-26T04:22Z
whole house generator,US-FL,2024-08-15,2024-12-15,2024-09-28,19,2026-09-26T04:22Z
whole house generator,US-FL,2024-08-15,2024-12-15,2024-09-29,0,2026-09-26T04:22Z
whole house generator,US-FL,2024-08-15,2024-12-15,2024-09-30,18,2026-09-26T04:22Z
whole house generator,US-FL,2024-08-15,2024-12-15,2024-10-01,0,2026-09-26T04:22Z
whole house generator,US-FL,2024-08-15,2024-12-15,2024-10-02,0,2026-09-26T04:22Z
whole house generator,US-FL,2024-08-15,2024-12-15,2024-10-03,0,2026-09-26T04:22Z
whole house generator,US-FL,2024-08-15,2024-12-15,2024-10-04,0,2026-09-26T04:22Z
whole house generator,US-FL,2024-08-15,2024-12-15,2024-10-05,15,2026-09-26T04:22Z
whole house generator,US-FL,2024-08-15,2024-12-15,2024-10-06,37,2026-09-26T04:22Z
whole house generator,US-FL,2024-08-15,2024-12-15,2024-10-07,49,2026-09-26T04:22Z
whole house generator,US-FL,2024-08-15,2024-12-15,2024-10-08,49,2026-09-26T04:22Z
whole house generator,US-FL,2024-08-15,2024-12-15,2024-10-09,65,2026-09-26T04:22Z
whole house generator,US-FL,2024-08-15,2024-12-15,2024-10-10,100,2026-09-26T04:22Z
whole house generator,US-FL,2024-08-15,2024-12-15,2024-10-11,100,2026-09-26T04:22Z
whole house generator,US-FL,2024-08-15,2024-12-15,2024-10-12,68,2026-09-26T04:22Z
whole house generator,US-FL,2024-08-15,2024-12-15,2024-10-13,44,2026-09-26T04:22Z
whole house generator,US-FL,2024-08-15,2024-12-15,2024-10-14,26,2026-09-26T04:22Z
whole house generator,US-FL,2024-08-15,2024-12-15,2024-10-15,28,2026-09-26T04:22Z
whole house generator,US-FL,2024-08-15,2024-12-15,2024-10-16,17,2026-09-26T04:22Z
whole house generator,US-FL,2024-08-15,2024-12-15,2024-10-17,0,2026-09-26T04:22Z
whole house generator,US-FL,2024-08-15,2024-12-15,2024-10-18,0,2026-09-26T04:22Z
whole house generator,US-FL,2024-08-15,2024-12-15,2024-10-19,0,2026-09-26T04:22Z
whole house generator,US-FL,2024-08-15,2024-12-15,2024-10-20,0,2026-09-26T04:22Z
whole house generator,US-FL,2024-08-15,2024-12-15,2024-10-21,0,2026-09-26T04:22Z
whole house generator,US-FL,2024-08-15,2024-12-15,2024-10-22,0,2026-09-26T04:22Z
whole house generator,US-FL,2024-08-15,2024-12-15,2024-10-23,0,2026-09-26T04:22Z
whole house generator,US-FL,2024-08-15,2024-12-15,2024-10-24,0,2026-09-26T04:22Z
whole house generator,US-FL,2024-08-15,2024-12-15,2024-10-25,0,2026-09-26T04:22Z
whole house generator,US-FL,2024-08-15,2024-12-15,2024-10-26,0,2026-09-26T04:22Z
whole house generator,US-FL,2024-08-15,2024-12-15,2024-10-27,0,2026-09-26T04:22Z
whole house generator,US-FL,2024-08-15,2024-12-15,2024-10-28,0,2026-09-26T04:22Z
whole house generator,US-FL,2024-08-15,2024-12-15,2024-10-29,0,2026-09-26T04:22Z
whole house generator,US-FL,2024-08-15,2024-12-15,2024-10-30,0,2026-09-26T04:22Z
whole house generator,US-FL,2024-08-15,2024-12-15,2024-10-31,0,2026-09-26T04:22Z
whole house generator,US-FL,2024-08-15,2024-12-15,2024-11-01,0,2026-09-26T04:22Z
whole house generator,US-FL,2024-08-15,2024-12-15,2024-11-02,0,2026-09-26T04:22Z
whole house generator,US-FL,2024-08-15,2024-12-15,2024-11-03,0,2026-09-26T04:22Z
whole house generator,US-FL,2024-08-15,2024-12-15,2024-11-04,0,2026-09-26T04:22Z
whole house generator,US-FL,2024-08-15,2024-12-15,2024-11-05,0,2026-09-26T04:22Z
whole house generator,US-FL,2024-08-15,2024-12-15,2024-11-06,0,2026-09-26T04:22Z
whole house generator,US-FL,2024-08-15,2024-12-15,2024-11-07,0,2026-09-26T04:22Z
whole house generator,US-FL,2024-08-15,2024-12-15,2024-11-08,0,2026-09-26T04:22Z
whole house generator,US-FL,2024-08-15,2024-12-15,2024-11-09,0,2026-09-26T04:22Z
whole house generator,US-FL,2024-08-15,2024-12-15,2024-11-10,0,2026-09-26T04:22Z
whole house generator,US-FL,2024-08-15,2024-12-15,2024-11-11,0,2026-09-26T04:22Z
whole house generator,US-FL,2024-08-15,2024-12-15,2024-11-12,0,2026-09-26T04:22Z
whole house generator,US-FL,2024-08-15,2024-12-15,2024-11-13,0,2026-09-26T04:22Z
whole house generator,US-FL,2024-08-15,2024-12-15,2024-11-14,0,2026-09-26T04:22Z
whole house generator,US-FL,2024-08-15,2024-12-15,2024-11-15,0,2026-09-26T04:22Z
whole house generator,US-FL,2024-08-15,2024-12-15,2024-11-16,0,2026-09-26T04:22Z
whole house generator,US-FL,2024-08-15,2024-12-15,2024-11-17,0,2026-09-26T04:22Z
whole house generator,US-FL,2024-08-15,2024-12-15,2024-11-18,0,2026-09-26T04:22Z
whole house generator,US-FL,2024-08-15,2024-12-15,2024-11-19,0,2026-09-26T04:22Z
whole house generator,US-FL,2024-08-15,2024-12-15,2024-11-20,0,2026-09-26T04:22Z
whole house generator,US-FL,2024-08-15,2024-12-15,2024-11-21,0,2026-09-26T04:22Z
whole house generator,US-FL,2024-08-15,2024-12-15,2024-11-22,0,2026-09-26T04:22Z
whole house generator,US-FL,2024-08-15,2024-12-15,2024-11-23,0,2026-09-26T04:22Z
whole house generator,US-FL,2024-08-15,2024-12-15,2024-11-24,0,2026-09-26T04:22Z
whole house generator,US-FL,2024-08-15,2024-12-15,2024-11-25,0,2026-09-26T04:22Z
whole house generator,US-FL,2024-08-15,2024-12-15,2024-11-26,0,2026-09-26T04:22Z
whole house generator,US-FL,2024-08-15,2024-12-15,2024-11-27,0,2026-09-26T04:22Z
whole house generator,US-FL,2024-08-15,2024-12-15,2024-11-28,0,2026-09-26T04:22Z
whole house generator,US-FL,2024-08-15,2024-12-15,2024-11-29,0,2026-09-26T04:22Z
whole house generator,US-FL,2024-08-15,2024-12-15,2024-11-30,0,2026-09-26T04:22Z
whole house generator,US-FL,2024-08-15,2024-12-15,2024-12-01,0,2026-09-26T04:22Z
whole house generator,US-FL,2024-08-15,2024-12-15,2024-12-02,0,2026-09-26T04:22Z
whole house generator,US-FL,2024-08-15,2024-12-15,2024-12-03,0,2026-09-26T04:22Z
whole house generator,US-FL,2024-08-15,2024-12-15,2024-12-04,0,2026-09-26T04:22Z
whole house generator,US-FL,2024-08-15,2024-12-15,2024-12-05,0,2026-09-26T04:22Z
whole house generator,US-FL,2024-08-15,2024-12-15,2024-12-06,0,2026-09-26T04:22Z
whole house generator,US-FL,2024-08-15,2024-12-15,2024-12-07,0,2026-09-26T04:22Z
whole house generator,US-FL,2024-08-15,2024-12-15,2024-12-08,0,2026-09-26T04:22Z
whole house generator,US-FL,2024-08-15,2024-12-15,2024-12-09,0,2026-09-26T04:22Z
whole house generator,US-FL,2024-08-15,2024-12-15,2024-12-10,0,2026-09-26T04:22Z
whole house generator,US-FL,2024-08-15,2024-12-15,2024-12-11,0,2026-09-26T04:22Z
whole house generator,US-FL,2024-08-15,2024-12-15,2024-12-12,0,2026-09-26T04:22Z
whole house generator,US-FL,2024-08-15,2024-12-15,2024-12-13,0,2026-09-26T04:22Z
whole house generator,US-FL,2024-08-15,2024-12-15,2024-12-14,0,2026-09-26T04:22Z
whole house generator,US-FL,2024-08-15,2024-12-15,2024-12-15,0,2026-09-26T04:22Z
whole house generator,US,2024-05-15,2024-12-15,2024-05-15,7,2026-09-26T04:22Z
whole house generator,US,2024-05-15,2024-12-15,2024-05-16,0,2026-09-26T04:22Z
whole house generator,US,2024-05-15,2024-12-15,2024-05-17,29,2026-09-26T04:22Z
whole house generator,US,2024-05-15,2024-12-15,2024-05-18,26,2026-09-26T04:22Z
whole house generator,US,2024-05-15,2024-12-15,2024-05-19,28,2026-09-26T04:22Z
whole house generator,US,2024-05-15,2024-12-15,2024-05-20,21,2026-09-26T04:22Z
whole house generator,US,2024-05-15,2024-12-15,2024-05-21,17,2026-09-26T04:22Z
whole house generator,US,2024-05-15,2024-12-15,2024-05-22,20,2026-09-26T04:22Z
whole house generator,US,2024-05-15,2024-12-15,2024-05-23,18,2026-09-26T04:22Z
whole house generator,US,2024-05-15,2024-12-15,2024-05-24,16,2026-09-26T04:22Z
whole house generator,US,2024-05-15,2024-12-15,2024-05-25,24,2026-09-26T04:22Z
whole house generator,US,2024-05-15,2024-12-15,2024-05-26,23,2026-09-26T04:22Z
whole house generator,US,2024-05-15,2024-12-15,2024-05-27,37,2026-09-26T04:22Z
whole house generator,US,2024-05-15,2024-12-15,2024-05-28,32,2026-09-26T04:22Z
whole house generator,US,2024-05-15,2024-12-15,2024-05-29,29,2026-09-26T04:22Z
whole house generator,US,2024-05-15,2024-12-15,2024-05-30,27,2026-09-26T04:22Z
whole house generator,US,2024-05-15,2024-12-15,2024-05-31,25,2026-09-26T04:22Z
whole house generator,US,2024-05-15,2024-12-15,2024-06-01,23,2026-09-26T04:22Z
whole house generator,US,2024-05-15,2024-12-15,2024-06-02,26,2026-09-26T04:22Z
whole house generator,US,2024-05-15,2024-12-15,2024-06-03,15,2026-09-26T04:22Z
whole house generator,US,2024-05-15,2024-12-15,2024-06-04,16,2026-09-26T04:22Z
whole house generator,US,2024-05-15,2024-12-15,2024-06-05,16,2026-09-26T04:22Z
whole house generator,US,2024-05-15,2024-12-15,2024-06-06,21,2026-09-26T04:22Z
whole house generator,US,2024-05-15,2024-12-15,2024-06-07,17,2026-09-26T04:22Z
whole house generator,US,2024-05-15,2024-12-15,2024-06-08,21,2026-09-26T04:22Z
whole house generator,US,2024-05-15,2024-12-15,2024-06-09,12,2026-09-26T04:22Z
whole house generator,US,2024-05-15,2024-12-15,2024-06-10,23,2026-09-26T04:22Z
whole house generator,US,2024-05-15,2024-12-15,2024-06-11,16,2026-09-26T04:22Z
whole house generator,US,2024-05-15,2024-12-15,2024-06-12,18,2026-09-26T04:22Z
whole house generator,US,2024-05-15,2024-12-15,2024-06-13,12,2026-09-26T04:22Z
whole house generator,US,2024-05-15,2024-12-15,2024-06-14,12,2026-09-26T04:22Z
whole house generator,US,2024-05-15,2024-12-15,2024-06-15,19,2026-09-26T04:22Z
whole house generator,US,2024-05-15,2024-12-15,2024-06-16,20,2026-09-26T04:22Z
whole house generator,US,2024-05-15,2024-12-15,2024-06-17,16,2026-09-26T04:22Z
whole house generator,US,2024-05-15,2024-12-15,2024-06-18,20,2026-09-26T04:22Z
whole house generator,US,2024-05-15,2024-12-15,2024-06-19,19,2026-09-26T04:22Z
whole house generator,US,2024-05-15,2024-12-15,2024-06-20,26,2026-09-26T04:22Z
whole house generator,US,2024-05-15,2024-12-15,2024-06-21,16,2026-09-26T04:22Z
whole house generator,US,2024-05-15,2024-12-15,2024-06-22,18,2026-09-26T04:22Z
whole house generator,US,2024-05-15,2024-12-15,2024-06-23,22,2026-09-26T04:22Z
whole house generator,US,2024-05-15,2024-12-15,2024-06-24,28,2026-09-26T04:22Z
whole house generator,US,2024-05-15,2024-12-15,2024-06-25,15,2026-09-26T04:22Z
whole house generator,US,2024-05-15,2024-12-15,2024-06-26,18,2026-09-26T04:22Z
whole house generator,US,2024-05-15,2024-12-15,2024-06-27,24,2026-09-26T04:22Z
whole house generator,US,2024-05-15,2024-12-15,2024-06-28,11,2026-09-26T04:22Z
whole house generator,US,2024-05-15,2024-12-15,2024-06-29,22,2026-09-26T04:22Z
whole house generator,US,2024-05-15,2024-12-15,2024-06-30,23,2026-09-26T04:22Z
whole house generator,US,2024-05-15,2024-12-15,2024-07-01,16,2026-09-26T04:22Z
whole house generator,US,2024-05-15,2024-12-15,2024-07-02,21,2026-09-26T04:22Z
whole house generator,US,2024-05-15,2024-12-15,2024-07-03,18,2026-09-26T04:22Z
whole house generator,US,2024-05-15,2024-12-15,2024-07-04,18,2026-09-26T04:22Z
whole house generator,US,2024-05-15,2024-12-15,2024-07-05,23,2026-09-26T04:22Z
whole house generator,US,2024-05-15,2024-12-15,2024-07-06,18,2026-09-26T04:22Z
whole house generator,US,2024-05-15,2024-12-15,2024-07-07,24,2026-09-26T04:22Z
whole house generator,US,2024-05-15,2024-12-15,2024-07-08,51,2026-09-26T04:22Z
whole house generator,US,2024-05-15,2024-12-15,2024-07-09,81,2026-09-26T04:22Z
whole house generator,US,2024-05-15,2024-12-15,2024-07-10,70,2026-09-26T04:22Z
whole house generator,US,2024-05-15,2024-12-15,2024-07-11,66,2026-09-26T04:22Z
whole house generator,US,2024-05-15,2024-12-15,2024-07-12,44,2026-09-26T04:22Z
whole house generator,US,2024-05-15,2024-12-15,2024-07-13,38,2026-09-26T04:22Z
whole house generator,US,2024-05-15,2024-12-15,2024-07-14,31,2026-09-26T04:22Z
whole house generator,US,2024-05-15,2024-12-15,2024-07-15,34,2026-09-26T04:22Z
whole house generator,US,2024-05-15,2024-12-15,2024-07-16,75,2026-09-26T04:22Z
whole house generator,US,2024-05-15,2024-12-15,2024-07-17,60,2026-09-26T04:22Z
whole house generator,US,2024-05-15,2024-12-15,2024-07-18,36,2026-09-26T04:22Z
whole house generator,US,2024-05-15,2024-12-15,2024-07-19,35,2026-09-26T04:22Z
whole house generator,US,2024-05-15,2024-12-15,2024-07-20,31,2026-09-26T04:22Z
whole house generator,US,2024-05-15,2024-12-15,2024-07-21,26,2026-09-26T04:22Z
whole house generator,US,2024-05-15,2024-12-15,2024-07-22,17,2026-09-26T04:22Z
whole house generator,US,2024-05-15,2024-12-15,2024-07-23,23,2026-09-26T04:22Z
whole house generator,US,2024-05-15,2024-12-15,2024-07-24,24,2026-09-26T04:22Z
whole house generator,US,2024-05-15,2024-12-15,2024-07-25,30,2026-09-26T04:22Z
whole house generator,US,2024-05-15,2024-12-15,2024-07-26,15,2026-09-26T04:22Z
whole house generator,US,2024-05-15,2024-12-15,2024-07-27,21,2026-09-26T04:22Z
whole house generator,US,2024-05-15,2024-12-15,2024-07-28,14,2026-09-26T04:22Z
whole house generator,US,2024-05-15,2024-12-15,2024-07-29,21,2026-09-26T04:22Z
whole house generator,US,2024-05-15,2024-12-15,2024-07-30,19,2026-09-26T04:22Z
whole house generator,US,2024-05-15,2024-12-15,2024-07-31,22,2026-09-26T04:22Z
whole house generator,US,2024-05-15,2024-12-15,2024-08-01,21,2026-09-26T04:22Z
whole house generator,US,2024-05-15,2024-12-15,2024-08-02,19,2026-09-26T04:22Z
whole house generator,US,2024-05-15,2024-12-15,2024-08-03,17,2026-09-26T04:22Z
whole house generator,US,2024-05-15,2024-12-15,2024-08-04,35,2026-09-26T04:22Z
whole house generator,US,2024-05-15,2024-12-15,2024-08-05,31,2026-09-26T04:22Z
whole house generator,US,2024-05-15,2024-12-15,2024-08-06,29,2026-09-26T04:22Z
whole house generator,US,2024-05-15,2024-12-15,2024-08-07,39,2026-09-26T04:22Z
whole house generator,US,2024-05-15,2024-12-15,2024-08-08,32,2026-09-26T04:22Z
whole house generator,US,2024-05-15,2024-12-15,2024-08-09,35,2026-09-26T04:22Z
whole house generator,US,2024-05-15,2024-12-15,2024-08-10,29,2026-09-26T04:22Z
whole house generator,US,2024-05-15,2024-12-15,2024-08-11,16,2026-09-26T04:22Z
whole house generator,US,2024-05-15,2024-12-15,2024-08-12,19,2026-09-26T04:22Z
whole house generator,US,2024-05-15,2024-12-15,2024-08-13,20,2026-09-26T04:22Z
whole house generator,US,2024-05-15,2024-12-15,2024-08-14,19,2026-09-26T04:22Z
whole house generator,US,2024-05-15,2024-12-15,2024-08-15,17,2026-09-26T04:22Z
whole house generator,US,2024-05-15,2024-12-15,2024-08-16,17,2026-09-26T04:22Z
whole house generator,US,2024-05-15,2024-12-15,2024-08-17,26,2026-09-26T04:22Z
whole house generator,US,2024-05-15,2024-12-15,2024-08-18,22,2026-09-26T04:22Z
whole house generator,US,2024-05-15,2024-12-15,2024-08-19,24,2026-09-26T04:22Z
whole house generator,US,2024-05-15,2024-12-15,2024-08-20,15,2026-09-26T04:22Z
whole house generator,US,2024-05-15,2024-12-15,2024-08-21,14,2026-09-26T04:22Z
whole house generator,US,2024-05-15,2024-12-15,2024-08-22,11,2026-09-26T04:22Z
whole house generator,US,2024-05-15,2024-12-15,2024-08-23,15,2026-09-26T04:22Z
whole house generator,US,2024-05-15,2024-12-15,2024-08-24,11,2026-09-26T04:22Z
whole house generator,US,2024-05-15,2024-12-15,2024-08-25,18,2026-09-26T04:22Z
whole house generator,US,2024-05-15,2024-12-15,2024-08-26,18,2026-09-26T04:22Z
whole house generator,US,2024-05-15,2024-12-15,2024-08-27,23,2026-09-26T04:22Z
whole house generator,US,2024-05-15,2024-12-15,2024-08-28,46,2026-09-26T04:22Z
whole house generator,US,2024-05-15,2024-12-15,2024-08-29,17,2026-09-26T04:22Z
whole house generator,US,2024-05-15,2024-12-15,2024-08-30,23,2026-09-26T04:22Z
whole house generator,US,2024-05-15,2024-12-15,2024-08-31,22,2026-09-26T04:22Z
whole house generator,US,2024-05-15,2024-12-15,2024-09-01,13,2026-09-26T04:22Z
whole house generator,US,2024-05-15,2024-12-15,2024-09-02,13,2026-09-26T04:22Z
whole house generator,US,2024-05-15,2024-12-15,2024-09-03,9,2026-09-26T04:22Z
whole house generator,US,2024-05-15,2024-12-15,2024-09-04,10,2026-09-26T04:22Z
whole house generator,US,2024-05-15,2024-12-15,2024-09-05,12,2026-09-26T04:22Z
whole house generator,US,2024-05-15,2024-12-15,2024-09-06,9,2026-09-26T04:22Z
whole house generator,US,2024-05-15,2024-12-15,2024-09-07,10,2026-09-26T04:22Z
whole house generator,US,2024-05-15,2024-12-15,2024-09-08,11,2026-09-26T04:22Z
whole house generator,US,2024-05-15,2024-12-15,2024-09-09,21,2026-09-26T04:22Z
whole house generator,US,2024-05-15,2024-12-15,2024-09-10,24,2026-09-26T04:22Z
whole house generator,US,2024-05-15,2024-12-15,2024-09-11,26,2026-09-26T04:22Z
whole house generator,US,2024-05-15,2024-12-15,2024-09-12,25,2026-09-26T04:22Z
whole house generator,US,2024-05-15,2024-12-15,2024-09-13,20,2026-09-26T04:22Z
whole house generator,US,2024-05-15,2024-12-15,2024-09-14,11,2026-09-26T04:22Z
whole house generator,US,2024-05-15,2024-12-15,2024-09-15,12,2026-09-26T04:22Z
whole house generator,US,2024-05-15,2024-12-15,2024-09-16,11,2026-09-26T04:22Z
whole house generator,US,2024-05-15,2024-12-15,2024-09-17,10,2026-09-26T04:22Z
whole house generator,US,2024-05-15,2024-12-15,2024-09-18,10,2026-09-26T04:22Z
whole house generator,US,2024-05-15,2024-12-15,2024-09-19,9,2026-09-26T04:22Z
whole house generator,US,2024-05-15,2024-12-15,2024-09-20,17,2026-09-26T04:22Z
whole house generator,US,2024-05-15,2024-12-15,2024-09-21,16,2026-09-26T04:22Z
whole house generator,US,2024-05-15,2024-12-15,2024-09-22,16,2026-09-26T04:22Z
whole house generator,US,2024-05-15,2024-12-15,2024-09-23,12,2026-09-26T04:22Z
whole house generator,US,2024-05-15,2024-12-15,2024-09-24,27,2026-09-26T04:22Z
whole house generator,US,2024-05-15,2024-12-15,2024-09-25,28,2026-09-26T04:22Z
whole house generator,US,2024-05-15,2024-12-15,2024-09-26,39,2026-09-26T04:22Z
whole house generator,US,2024-05-15,2024-12-15,2024-09-27,88,2026-09-26T04:22Z
whole house generator,US,2024-05-15,2024-12-15,2024-09-28,100,2026-09-26T04:22Z
whole house generator,US,2024-05-15,2024-12-15,2024-09-29,93,2026-09-26T04:22Z
whole house generator,US,2024-05-15,2024-12-15,2024-09-30,65,2026-09-26T04:22Z
whole house generator,US,2024-05-15,2024-12-15,2024-10-01,43,2026-09-26T04:22Z
whole house generator,US,2024-05-15,2024-12-15,2024-10-02,47,2026-09-26T04:22Z
whole house generator,US,2024-05-15,2024-12-15,2024-10-03,39,2026-09-26T04:22Z
whole house generator,US,2024-05-15,2024-12-15,2024-10-04,33,2026-09-26T04:22Z
whole house generator,US,2024-05-15,2024-12-15,2024-10-05,43,2026-09-26T04:22Z
whole house generator,US,2024-05-15,2024-12-15,2024-10-06,54,2026-09-26T04:22Z
whole house generator,US,2024-05-15,2024-12-15,2024-10-07,65,2026-09-26T04:22Z
whole house generator,US,2024-05-15,2024-12-15,2024-10-08,56,2026-09-26T04:22Z
whole house generator,US,2024-05-15,2024-12-15,2024-10-09,66,2026-09-26T04:22Z
whole house generator,US,2024-05-15,2024-12-15,2024-10-10,67,2026-09-26T04:22Z
whole house generator,US,2024-05-15,2024-12-15,2024-10-11,72,2026-09-26T04:22Z
whole house generator,US,2024-05-15,2024-12-15,2024-10-12,58,2026-09-26T04:22Z
whole house generator,US,2024-05-15,2024-12-15,2024-10-13,48,2026-09-26T04:22Z
whole house generator,US,2024-05-15,2024-12-15,2024-10-14,38,2026-09-26T04:22Z
whole house generator,US,2024-05-15,2024-12-15,2024-10-15,32,2026-09-26T04:22Z
whole house generator,US,2024-05-15,2024-12-15,2024-10-16,29,2026-09-26T04:22Z
whole house generator,US,2024-05-15,2024-12-15,2024-10-17,20,2026-09-26T04:22Z
whole house generator,US,2024-05-15,2024-12-15,2024-10-18,25,2026-09-26T04:22Z
whole house generator,US,2024-05-15,2024-12-15,2024-10-19,19,2026-09-26T04:22Z
whole house generator,US,2024-05-15,2024-12-15,2024-10-20,25,2026-09-26T04:22Z
whole house generator,US,2024-05-15,2024-12-15,2024-10-21,22,2026-09-26T04:22Z
whole house generator,US,2024-05-15,2024-12-15,2024-10-22,18,2026-09-26T04:22Z
whole house generator,US,2024-05-15,2024-12-15,2024-10-23,20,2026-09-26T04:22Z
whole house generator,US,2024-05-15,2024-12-15,2024-10-24,20,2026-09-26T04:22Z
whole house generator,US,2024-05-15,2024-12-15,2024-10-25,17,2026-09-26T04:22Z
whole house generator,US,2024-05-15,2024-12-15,2024-10-26,22,2026-09-26T04:22Z
whole house generator,US,2024-05-15,2024-12-15,2024-10-27,13,2026-09-26T04:22Z
whole house generator,US,2024-05-15,2024-12-15,2024-10-28,15,2026-09-26T04:22Z
whole house generator,US,2024-05-15,2024-12-15,2024-10-29,15,2026-09-26T04:22Z
whole house generator,US,2024-05-15,2024-12-15,2024-10-30,15,2026-09-26T04:22Z
whole house generator,US,2024-05-15,2024-12-15,2024-10-31,15,2026-09-26T04:22Z
whole house generator,US,2024-05-15,2024-12-15,2024-11-01,17,2026-09-26T04:22Z
whole house generator,US,2024-05-15,2024-12-15,2024-11-02,15,2026-09-26T04:22Z
whole house generator,US,2024-05-15,2024-12-15,2024-11-03,15,2026-09-26T04:22Z
whole house generator,US,2024-05-15,2024-12-15,2024-11-04,10,2026-09-26T04:22Z
whole house generator,US,2024-05-15,2024-12-15,2024-11-05,13,2026-09-26T04:22Z
whole house generator,US,2024-05-15,2024-12-15,2024-11-06,9,2026-09-26T04:22Z
whole house generator,US,2024-05-15,2024-12-15,2024-11-07,17,2026-09-26T04:22Z
whole house generator,US,2024-05-15,2024-12-15,2024-11-08,12,2026-09-26T04:22Z
whole house generator,US,2024-05-15,2024-12-15,2024-11-09,11,2026-09-26T04:22Z
whole house generator,US,2024-05-15,2024-12-15,2024-11-10,17,2026-09-26T04:22Z
whole house generator,US,2024-05-15,2024-12-15,2024-11-11,11,2026-09-26T04:22Z
whole house generator,US,2024-05-15,2024-12-15,2024-11-12,15,2026-09-26T04:22Z
whole house generator,US,2024-05-15,2024-12-15,2024-11-13,14,2026-09-26T04:22Z
whole house generator,US,2024-05-15,2024-12-15,2024-11-14,12,2026-09-26T04:22Z
whole house generator,US,2024-05-15,2024-12-15,2024-11-15,12,2026-09-26T04:22Z
whole house generator,US,2024-05-15,2024-12-15,2024-11-16,8,2026-09-26T04:22Z
whole house generator,US,2024-05-15,2024-12-15,2024-11-17,15,2026-09-26T04:22Z
whole house generator,US,2024-05-15,2024-12-15,2024-11-18,12,2026-09-26T04:22Z
whole house generator,US,2024-05-15,2024-12-15,2024-11-19,13,2026-09-26T04:22Z
whole house generator,US,2024-05-15,2024-12-15,2024-11-20,19,2026-09-26T04:22Z
whole house generator,US,2024-05-15,2024-12-15,2024-11-21,21,2026-09-26T04:22Z
whole house generator,US,2024-05-15,2024-12-15,2024-11-22,29,2026-09-26T04:22Z
whole house generator,US,2024-05-15,2024-12-15,2024-11-23,22,2026-09-26T04:22Z
whole house generator,US,2024-05-15,2024-12-15,2024-11-24,14,2026-09-26T04:22Z
whole house generator,US,2024-05-15,2024-12-15,2024-11-25,10,2026-09-26T04:22Z
whole house generator,US,2024-05-15,2024-12-15,2024-11-26,13,2026-09-26T04:22Z
whole house generator,US,2024-05-15,2024-12-15,2024-11-27,14,2026-09-26T04:22Z
whole house generator,US,2024-05-15,2024-12-15,2024-11-28,14,2026-09-26T04:22Z
whole house generator,US,2024-05-15,2024-12-15,2024-11-29,18,2026-09-26T04:22Z
whole house generator,US,2024-05-15,2024-12-15,2024-11-30,17,2026-09-26T04:22Z
whole house generator,US,2024-05-15,2024-12-15,2024-12-01,13,2026-09-26T04:22Z
whole house generator,US,2024-05-15,2024-12-15,2024-12-02,8,2026-09-26T04:22Z
whole house generator,US,2024-05-15,2024-12-15,2024-12-03,13,2026-09-26T04:22Z
whole house generator,US,2024-05-15,2024-12-15,2024-12-04,12,2026-09-26T04:22Z
whole house generator,US,2024-05-15,2024-12-15,2024-12-05,20,2026-09-26T04:22Z
whole house generator,US,2024-05-15,2024-12-15,2024-12-06,15,2026-09-26T04:22Z
whole house generator,US,2024-05-15,2024-12-15,2024-12-07,10,2026-09-26T04:22Z
whole house generator,US,2024-05-15,2024-12-15,2024-12-08,11,2026-09-26T04:22Z
whole house generator,US,2024-05-15,2024-12-15,2024-12-09,11,2026-09-26T04:22Z
whole house generator,US,2024-05-15,2024-12-15,2024-12-10,12,2026-09-26T04:22Z
whole house generator,US,2024-05-15,2024-12-15,2024-12-11,12,2026-09-26T04:22Z
whole house generator,US,2024-05-15,2024-12-15,2024-12-12,17,2026-09-26T04:22Z
whole house generator,US,2024-05-15,2024-12-15,2024-12-13,14,2026-09-26T04:22Z
whole house generator,US,2024-05-15,2024-12-15,2024-12-14,16,2026-09-26T04:22Z
whole house generator,US,2024-05-15,2024-12-15,2024-12-15,13,2026-09-26T04:22Z
