year,month,customer_hours_m
2014,11,44.2590
2014,12,17.0558
2015,1,16.0357
2015,2,25.0807
2015,3,20.1324
2015,4,24.8511
2015,5,28.6642
2015,6,65.2813
2015,7,41.5965
2015,8,42.5684
2015,9,23.2811
2015,10,25.3435
2015,11,41.8077
2015,12,36.6867
2016,1,26.3671
2016,2,37.4066
2016,3,25.9783
2016,4,27.6342
2016,5,25.4061
2016,6,48.4011
2016,7,64.6250
2016,8,35.5713
2016,9,29.4418
2016,10,158.3807
2016,11,17.6040
2016,12,19.3050
2017,1,24.6554
2017,2,21.1565
2017,3,59.8555
2017,4,33.7209
2017,5,55.3797
2017,6,45.7987
2017,7,48.1509
2017,8,34.9765
2017,9,621.4367
2017,10,77.6174
2017,11,33.9096
2017,12,37.9240
2018,1,24.6046
2018,2,18.9494
2018,3,188.5997
2018,4,47.8589
2018,5,62.7029
2018,6,49.6323
2018,7,55.6803
2018,8,44.8148
2018,9,93.3535
2018,10,133.1850
2018,11,64.7725
2018,12,39.8800
2019,1,35.2281
2019,2,68.4408
2019,3,31.7043
2019,4,39.7785
2019,5,50.8982
2019,6,74.9467
2019,7,93.8003
2019,8,44.1463
2019,9,47.1177
2019,10,137.5070
2019,11,51.5943
2019,12,30.9874
2020,1,35.0694
2020,2,33.9088
2020,3,30.5870
2020,4,93.3225
2020,5,49.4730
2020,6,74.7598
2020,7,67.8758
2020,8,399.2904
2020,9,165.1076
2020,10,216.6907
2020,11,89.3705
2020,12,49.3638
2021,1,65.9934
2021,2,364.6487
2021,3,42.0374
2021,4,35.2407
2021,5,52.8823
2021,6,62.5882
2021,7,82.8146
2021,8,190.5235
2021,9,244.5677
2021,10,74.0324
2021,11,30.8175
2021,12,85.2013
2022,1,69.1755
2022,2,52.9043
2022,3,46.4713
2022,4,54.4515
2022,5,57.6371
2022,6,97.0995
2022,7,74.2646
2022,8,66.7536
2022,9,381.1849
2022,10,177.5808
2022,11,61.3947
2022,12,104.0428
2023,1,71.4306
2023,2,135.0320
2023,3,139.5208
2023,4,72.8070
2023,5,41.4358
2023,6,154.8692
2023,7,127.7813
2023,8,122.4095
2023,9,62.5479
2023,10,33.1560
2023,11,31.8429
2023,12,66.3769
2024,1,88.8139
2024,2,59.2119
2024,3,51.6801
2024,4,93.9564
2024,5,187.7756
2024,6,92.4729
2024,7,294.9056
2024,8,165.7912
2024,9,335.0185
2024,10,381.5811
2024,11,74.7352
2024,12,65.7385
2025,1,101.4203
2025,2,65.8372
2025,3,90.4307
2025,4,107.1097
2025,5,106.3462
2025,6,96.3517
2025,7,67.8311
2025,8,58.7520
2025,9,36.3234
2025,10,46.6548
2025,11,35.6894
2025,12,79.9926
