week,customer_hours_m
1,18.1924
2,56.7006
3,13.7770
4,15.3626
5,9.9782
6,9.6701
7,27.9198
8,16.7034
9,10.7683
10,23.6232
11,23.0253
12,17.1244
13,12.9136
14,47.3130
15,13.9314
16,27.4936
17,10.3690
18,41.3064
19,11.5243
20,41.1177
21,17.6022
22,16.6184
23,18.2577
24,15.7938
25,36.5429
26,21.9137
27,16.6196
28,15.3538
29,13.5816
30,12.4091
31,16.7212
32,12.3646
33,18.3645
34,14.4278
35,9.0059
36,9.5362
37,7.0541
38,8.7405
39,8.5618
40,7.0051
41,7.7456
42,9.8339
43,15.7211
44,11.7855
45,9.4400
46,7.8063
47,6.6187
48,8.8189
49,7.0001
50,7.9237
51,41.9103
52,12.8462
