fips,ch_m
01001,2.219381
01003,15.276381
01005,0.628667
01007,1.471229
01009,2.064409
01011,0.437959
01013,1.394669
01015,5.178059
01017,0.568382
01019,0.009163
01021,3.318282
01023,0.342749
01025,1.030061
01027,0.994742
01029,1.866870
01031,0.794792
01033,0.000007
01035,0.096590
01037,1.776135
01039,0.659704
01041,0.660514
01043,2.876951
01045,0.645638
01047,3.957816
01049,0.002184
01051,3.416793
01053,0.962783
01055,2.548148
01057,1.100915
01059,0.545422
01061,0.776890
01063,0.176755
01065,0.592287
01067,0.629007
01069,2.136970
01071,0.034502
01073,16.618698
01075,1.293311
01077,3.665676
01079,0.057112
01081,1.722374
01083,0.018908
01085,0.887644
01087,0.399305
01089,4.905185
01091,0.564416
01093,1.559162
01095,0.024124
01097,17.859147
01099,0.946769
01101,4.454139
01103,0.612195
01105,0.919193
01107,1.028403
01109,0.779950
01111,1.777882
01113,0.665737
01115,3.154907
01117,6.393693
01119,0.490957
01121,3.773096
01123,2.590011
01125,4.731153
01127,2.823457
01129,0.125872
01131,1.632391
01133,1.647183
02020,4.150244
02063,0.002150
02068,0.176720
02090,3.054979
02122,3.416231
02170,5.586132
02240,0.221779
02261,0.002723
02290,0.043804
04001,0.442535
04003,0.553023
04005,2.150176
04007,1.339508
04009,0.001419
04011,0.038308
04012,0.554429
04013,24.324503
04015,1.124391
04017,2.247175
04019,6.073389
04021,3.550129
04023,0.422145
04025,3.474705
04027,1.466297
05001,2.925802
05003,1.556004
05005,1.916738
05007,7.173004
05009,1.137520
05011,1.068013
05013,0.219463
05015,1.093906
05017,0.921266
05019,0.803094
05021,0.407166
05023,0.641733
05025,0.470012
05027,1.482800
05029,0.752485
05031,0.919785
05033,1.483329
05035,1.256506
05037,1.067747
05039,0.965976
05041,0.872973
05043,1.434289
05045,1.568749
05047,0.608119
05049,0.438165
05051,3.966449
05053,1.231249
05055,0.172471
05057,0.894735
05059,1.992779
05061,0.381501
05063,1.103903
05065,0.931458
05067,0.457857
05069,5.543289
05071,0.617810
05073,0.343470
05075,0.688511
05077,0.433019
05079,0.128444
05081,0.797716
05083,0.634067
05085,2.681487
05087,0.775883
05089,1.236285
05091,1.713780
05093,1.605723
05095,0.727638
05097,0.753538
05099,0.508992
05101,0.299648
05103,2.036671
05105,0.373485
05107,1.532165
05109,0.546872
05111,1.417431
05113,0.155015
05115,2.519378
05117,1.168983
05119,17.578936
05121,0.367931
05123,1.420281
05125,3.306125
05127,0.452420
05129,0.194184
05131,2.718196
05133,1.209953
05135,1.280843
05137,0.921737
05139,2.775317
05141,0.001019
05143,3.294930
05145,1.781533
05147,0.390018
05149,1.363566
06001,22.119750
06003,0.461938
06005,7.237430
06007,27.780266
06009,10.925158
06011,0.827887
06013,18.102466
06015,3.052428
06017,28.741930
06019,13.302677
06021,0.906878
06023,15.366853
06025,1.966432
06027,0.817430
06029,14.186789
06031,1.598359
06033,11.324589
06035,0.066077
06037,155.757030
06039,5.811128
06041,14.679265
06043,3.807472
06045,10.937694
06047,2.634337
06049,0.158282
06051,2.632619
06053,15.677466
06055,11.342346
06057,19.202023
06059,28.735294
06061,14.601734
06063,6.428126
06065,37.806621
06067,21.799470
06069,0.675623
06071,52.670946
06073,40.009137
06075,9.882211
06077,10.670946
06079,6.848276
06081,23.084865
06083,9.632316
06085,32.034062
06087,23.008925
06089,14.082349
06091,2.223996
06093,2.857424
06095,10.432887
06097,27.738033
06099,0.771895
06101,1.564595
06103,5.119971
06105,1.147890
06107,7.595443
06109,12.218605
06111,27.539909
06113,5.765728
06115,4.544724
08001,5.104633
08003,0.222769
08005,6.289600
08007,0.601323
08009,0.002078
08011,0.000000
08013,7.427671
08014,0.598415
08015,0.328363
08017,0.167601
08019,1.067839
08021,0.660695
08023,0.205664
08025,0.088978
08027,0.051287
08029,0.280339
08031,10.350300
08033,0.000039
08035,1.632697
08037,0.419274
08039,0.302163
08041,3.698894
08043,0.328239
08045,0.946982
08047,0.130211
08049,0.138201
08051,0.062422
08053,0.010765
08055,0.000000
08057,0.140448
08059,13.629414
08061,0.000000
08063,0.366519
08065,0.148652
08067,1.156739
08069,2.274205
08071,0.000000
08073,0.118492
08075,0.294737
08077,1.470890
08079,0.010299
08081,0.170569
08083,0.000126
08085,0.267227
08087,0.247117
08089,0.127670
08091,0.000351
08093,1.196398
08097,0.248857
08099,0.000000
08101,1.160035
08103,0.012286
08105,0.221878
08107,0.357419
08109,0.050347
08111,0.016015
08113,0.000039
08115,0.000003
08117,1.431562
08119,0.458522
08121,0.005253
08123,3.939853
08125,0.000000
09001,29.250171
09003,18.851033
09005,10.607030
09007,7.948487
09009,18.621075
09011,7.436215
09013,6.080048
09015,7.154766
09110,0.604593
09120,0.142596
09130,0.462543
09140,0.183102
09150,0.412768
09160,0.218922
09170,0.321684
09180,0.311160
09190,0.438265
10001,0.880781
10003,7.341405
10005,2.697062
11001,6.227907
12001,10.308576
12003,1.533257
12005,21.271800
12007,1.200592
12009,32.568409
12011,73.050189
12013,1.443071
12015,29.503679
12017,8.966052
12019,5.498729
12021,53.904690
12023,6.899259
12027,3.998712
12029,2.899497
12031,24.161036
12033,15.075600
12035,8.091754
12037,1.797345
12039,4.216197
12041,2.511683
12043,0.571585
12045,1.954047
12047,2.780479
12049,2.355065
12051,2.533863
12053,5.783892
12055,15.703931
12057,74.576900
12059,1.070683
12061,8.501038
12063,4.036961
12065,3.306009
12067,1.649099
12069,18.116679
12071,113.244708
12073,22.400050
12075,3.873353
12077,1.122212
12079,4.166467
12081,40.206072
12083,21.508828
12085,7.374101
12086,109.582479
12087,6.865405
12089,3.809485
12091,2.961574
12093,2.812603
12095,49.582059
12097,7.024077
12099,54.782747
12101,25.838435
12103,113.147604
12105,38.568294
12107,5.167606
12109,8.970874
12111,10.618308
12113,5.226473
12115,56.197671
12117,29.213870
12119,4.787982
12121,7.852040
12123,4.437425
12125,0.700737
12127,44.325664
12129,3.328339
12131,1.891342
12133,2.369963
13001,3.838943
13003,2.662167
13005,1.446571
13007,0.254997
13009,1.623152
13011,1.091155
13013,1.193834
13015,2.312280
13017,0.876545
13019,1.534845
13021,4.687187
13023,0.315757
13025,1.065964
13027,0.740592
13029,2.170623
13031,4.886442
13033,1.475099
13035,0.655498
13037,0.521991
13039,2.952848
13043,1.189603
13045,2.681271
13047,1.230085
13049,0.952299
13051,17.469855
13053,0.085589
13055,1.000735
13057,4.669150
13059,2.720661
13061,0.515371
13063,6.194838
13065,0.428358
13067,8.270356
13069,6.067808
13071,2.042125
13073,13.092207
13075,0.696661
13077,2.661859
13079,0.580386
13081,0.002001
13083,0.719809
13085,1.357208
13087,2.567629
13089,24.723117
13091,0.440735
13093,0.500077
13095,0.826442
13097,2.578491
13099,0.147311
13101,0.255144
13103,3.276689
13105,0.460288
13107,2.860353
13109,1.279357
13111,0.833908
13113,1.800069
13115,2.772827
13117,1.897483
13119,0.644369
13121,25.598314
13123,5.327596
13125,0.525075
13127,7.905232
13129,1.386085
13131,1.873189
13133,1.128409
13135,12.279865
13137,2.987617
13139,5.494254
13141,1.182515
13143,1.528167
13145,1.185601
13147,0.537727
13149,0.420281
13151,3.729442
13153,1.453724
13155,1.259408
13157,1.381153
13159,0.675314
13161,3.304273
13163,2.639400
13165,0.215001
13167,1.373727
13169,1.569277
13171,0.758064
13173,0.443931
13175,1.961648
13177,0.973009
13179,2.480335
13181,1.256938
13183,1.413439
13185,16.061388
13187,2.716630
13189,2.421667
13191,1.371006
13193,0.813913
13195,0.676387
13197,0.303048
13199,1.184302
13201,0.217551
13205,0.934082
13207,1.094516
13209,0.933418
13211,0.876440
13213,1.049103
13215,2.677921
13217,1.216271
13219,0.798659
13221,0.617480
13223,2.827094
13225,0.669867
13227,2.775539
13229,2.759267
13231,0.711444
13233,1.687057
13235,0.425355
13237,1.488101
13239,0.156841
13241,4.019376
13243,0.523111
13245,16.486778
13247,1.691200
13249,0.196200
13251,0.047716
13253,0.337070
13255,0.844474
13257,1.086563
13259,0.236312
13261,1.415684
13263,0.351897
13265,0.331969
13267,2.419065
13269,0.336357
13271,0.911166
13273,0.666661
13275,1.393255
13277,5.362116
13279,2.675577
13281,0.372012
13283,0.726444
13285,0.701076
13287,0.653482
13289,0.237322
13291,0.879302
13293,0.562476
13295,1.123886
13297,1.491585
13299,4.046434
13301,0.843533
13303,1.424841
13305,2.773867
13307,0.196210
13309,0.185945
13311,2.882016
13313,1.397560
13315,0.687847
13317,0.700874
13319,0.228700
13321,0.502791
15001,3.023303
15003,10.748064
15005,0.000000
15007,2.447890
15009,5.272139
16001,2.591023
16003,0.194882
16005,0.830260
16007,0.241158
16009,1.029325
16011,0.860645
16013,0.707773
16015,1.233152
16017,4.242087
16019,1.291678
16021,0.500422
16023,0.080054
16025,0.020221
16027,1.506616
16029,0.145367
16031,0.155577
16033,0.040965
16035,1.218527
16037,0.007058
16039,0.459366
16041,0.216479
16043,0.443060
16045,0.234373
16047,0.371718
16049,0.939081
16051,0.454362
16053,0.406153
16055,3.266619
16057,1.133083
16059,0.327941
16061,0.137508
16063,0.192644
16065,0.570692
16067,0.062406
16069,0.776522
16071,0.158962
16073,0.192698
16075,0.172222
16077,0.385569
16079,1.459059
16081,0.180192
16083,0.877705
16085,0.882194
16087,0.105033
17001,0.558758
17003,0.090313
17005,0.276365
17007,0.588877
17009,0.107542
17011,0.904326
17013,0.091703
17015,0.373516
17017,0.065237
17019,2.447453
17021,0.750948
17023,0.403336
17025,0.122864
17027,0.505997
17029,0.452649
17031,39.828854
17033,0.479065
17035,0.165851
17037,0.963028
17039,0.615386
17041,0.467919
17043,7.450568
17045,0.703784
17047,0.067506
17049,0.264593
17051,0.495500
17053,0.171281
17055,0.969725
17057,0.396646
17059,0.251840
17061,0.093602
17063,0.843297
17065,0.102244
17067,0.395958
17069,0.115853
17071,0.254190
17073,1.180379
17075,0.343042
17077,0.847955
17079,0.159717
17081,1.055886
17083,0.212847
17085,0.422712
17087,0.271196
17089,3.857986
17091,2.370055
17093,0.828100
17095,1.211706
17097,5.239030
17099,2.910629
17101,0.344729
17103,1.041580
17105,0.594931
17107,0.628060
17109,0.286430
17111,4.208278
17113,1.672899
17115,2.063989
17117,0.681778
17119,4.029861
17121,0.741167
17123,0.570701
17125,0.124039
17127,0.052312
17129,0.072797
17131,1.255105
17133,0.922981
17135,0.385147
17137,0.738729
17139,0.133175
17141,1.146033
17143,3.066841
17145,0.550166
17147,0.349361
17149,0.231692
17151,0.125555
17153,0.092223
17155,0.302656
17157,0.596937
17159,0.160346
17161,4.358936
17163,4.151341
17165,0.822297
17167,3.775445
17169,0.052556
17171,0.180892
17173,0.498131
17175,0.319210
17177,0.813743
17179,1.934518
17181,0.287323
17183,2.205011
17185,0.026462
17187,0.362613
17189,0.532909
17191,0.145124
17193,0.137375
17195,1.482671
17197,9.327508
17199,1.262122
17201,4.504702
17203,0.616294
18001,0.297327
18003,5.196959
18005,1.898039
18007,0.152849
18009,0.316830
18011,0.239381
18013,1.546400
18015,0.242715
18017,0.098248
18019,2.121057
18021,0.908788
18023,0.270778
18025,0.606064
18027,0.094112
18029,0.700307
18031,0.226608
18033,0.415401
18035,2.259629
18037,0.000085
18039,5.351365
18041,0.301253
18043,1.693086
18045,0.370823
18047,0.359445
18049,0.257190
18051,0.588368
18053,1.229801
18055,0.597870
18057,3.055468
18059,0.419139
18061,0.797292
18063,1.658599
18065,0.357088
18067,1.207264
18069,0.191380
18071,0.623943
18073,0.138840
18075,0.191809
18077,1.307808
18079,0.530460
18081,1.146099
18083,0.964796
18085,2.727775
18087,0.614639
18089,10.352471
18091,3.862562
18093,1.057794
18095,3.079534
18097,17.297629
18099,1.003348
18101,0.095673
18103,0.139633
18105,5.328849
18107,0.375721
18109,2.102633
18111,0.302256
18113,0.408186
18115,0.051927
18117,0.261253
18119,1.750390
18121,0.142710
18123,0.003939
18125,0.377836
18127,5.634328
18129,0.618551
18131,0.186549
18133,0.862511
18135,0.468515
18137,0.476664
18139,0.303776
18141,6.961198
18143,0.269228
18145,0.440341
18147,0.334119
18149,0.754104
18151,0.942091
18153,0.364959
18155,0.179813
18157,2.024888
18159,0.158749
18161,0.171262
18163,4.661175
18165,0.500787
18167,4.866994
18169,0.215166
18171,0.047507
18173,2.540212
18175,0.587736
18177,0.381180
18179,0.223895
18181,0.322732
18183,0.732268
19001,0.039676
19003,0.141894
19005,0.256357
19007,0.363479
19009,0.085011
19011,1.406505
19013,0.805498
19015,0.759181
19017,0.136258
19019,0.215928
19021,0.189519
19023,0.271404
19025,0.241921
19027,0.121251
19029,0.122224
19031,0.952598
19033,0.606048
19035,0.108328
19037,0.138278
19039,0.073271
19041,0.057291
19043,0.184879
19045,2.335845
19047,0.162717
19049,1.237588
19051,0.075565
19053,0.075647
19055,0.214990
19057,0.553540
19059,0.174059
19061,0.620205
19063,0.028127
19065,0.319742
19067,0.261281
19069,0.230338
19071,0.171161
19073,0.344164
19075,0.288029
19077,0.165266
19079,0.180941
19081,0.249161
19083,0.265858
19085,0.280529
19087,0.224711
19089,0.222615
19091,0.103518
19093,0.095675
19095,0.597833
19097,0.205344
19099,2.217713
19101,0.242490
19103,3.613564
19105,0.519702
19107,0.262319
19109,0.108832
19111,0.576067
19113,17.446876
19115,0.217950
19117,0.065110
19119,0.102598
19121,0.170590
19123,0.202437
19125,0.272164
19127,3.166905
19129,0.339203
19131,0.207589
19133,0.170558
19135,0.457746
19137,0.124745
19139,0.331510
19141,0.132205
19143,0.043914
19145,0.241996
19147,0.072211
19149,0.147507
19151,0.077357
19153,9.417549
19155,1.340229
19157,1.172192
19159,0.144322
19161,0.167272
19163,5.198862
19165,0.175490
19167,0.266571
19169,2.457885
19171,1.118927
19173,0.102245
19175,0.115252
19177,0.143446
19179,0.404805
19181,0.531734
19183,0.432094
19185,0.157114
19187,0.610996
19189,0.268011
19191,0.344830
19193,0.716685
19195,0.247241
19197,0.267022
20001,0.072798
20003,0.162404
20005,0.230270
20007,0.006245
20009,0.826718
20011,0.266702
20013,0.150667
20015,0.766189
20017,0.117532
20019,0.003249
20021,0.238215
20023,0.084803
20025,0.000032
20027,0.274380
20029,0.070934
20031,0.103637
20035,0.257553
20037,0.310347
20039,0.177977
20041,0.193880
20043,0.125916
20045,1.463857
20047,0.232521
20049,0.079100
20051,0.549303
20053,0.005749
20055,0.150752
20057,0.071480
20059,0.517698
20061,0.244379
20063,0.081342
20065,0.129528
20067,0.000000
20069,0.043102
20071,0.096506
20073,0.347424
20075,0.055780
20077,0.015057
20079,0.573669
20081,0.000067
20083,0.102484
20085,1.604683
20087,0.365333
20089,0.031646
20091,9.950793
20093,0.124314
20095,0.063618
20097,0.003121
20099,0.168537
20101,0.000000
20103,0.955703
20105,0.034714
20107,0.253358
20109,0.272124
20111,0.357888
20113,0.127087
20115,0.163789
20117,0.143964
20119,0.000184
20121,0.664811
20123,0.015515
20125,0.192937
20127,0.129337
20129,0.028542
20131,0.031443
20133,0.044247
20135,0.039806
20137,0.100691
20139,0.295222
20141,0.020498
20143,0.148670
20145,0.293142
20147,0.240812
20149,0.189185
20151,0.017150
20153,0.132708
20155,1.064073
20157,0.044399
20159,0.213378
20161,0.613775
20163,0.137668
20165,0.091779
20167,0.181244
20169,0.993277
20171,0.074955
20173,4.917647
20175,0.000474
20177,2.736215
20179,0.149804
20181,0.092101
20183,0.083000
20185,0.198695
20191,0.139586
20193,0.160321
20195,0.050985
20197,0.173116
20199,0.087480
20201,0.068276
20203,0.126301
20205,0.050270
20207,0.091704
20209,4.163921
21001,0.159236
21003,0.936195
21005,0.956999
21007,0.248743
21009,1.107718
21011,0.708188
21013,0.850991
21015,1.685603
21017,0.614935
21019,4.098604
21021,0.450670
21023,0.458154
21025,1.369905
21027,0.410269
21029,1.901279
21031,0.653088
21033,0.401148
21035,1.167683
21037,1.495328
21039,0.217233
21041,0.251241
21043,2.954648
21045,0.330223
21047,1.764416
21049,0.744256
21051,1.145477
21053,0.710634
21055,0.190101
21057,0.199323
21059,1.203101
21061,0.876313
21063,0.867853
21065,0.830091
21067,10.124265
21069,0.670418
21071,2.647289
21073,0.849672
21075,0.183853
21077,0.266993
21079,0.321759
21081,0.523178
21083,0.809882
21085,1.352184
21087,0.089390
21089,1.965866
21091,0.352908
21093,1.360314
21095,0.959675
21097,0.412060
21099,0.713286
21101,0.849926
21103,0.343281
21105,0.335183
21107,1.671487
21109,0.789744
21111,18.818482
21113,0.973259
21115,2.160074
21117,2.200847
21119,2.227860
21121,0.815717
21123,0.248631
21125,1.751828
21127,2.843033
21129,0.740008
21131,2.191420
21133,2.562702
21135,1.071821
21137,0.703466
21139,0.258044
21141,1.101408
21143,0.520653
21145,0.774688
21147,0.945873
21149,0.367617
21151,1.515505
21153,0.801413
21155,0.399490
21157,0.853233
21159,1.435453
21161,0.411761
21163,0.705221
21165,0.949022
21167,0.401398
21169,0.460175
21171,0.442242
21173,0.751397
21175,0.346193
21177,1.602800
21179,1.659511
21181,0.284154
21183,0.750938
21185,2.243541
21187,0.321587
21189,0.397822
21191,0.390242
21193,3.143401
21195,4.620992
21197,0.705147
21199,2.960813
21201,0.150305
21203,0.959485
21205,1.138240
21207,0.925199
21209,1.127585
21211,0.537830
21213,0.227323
21215,0.523588
21217,0.073629
21219,0.876095
21221,1.337038
21223,0.330685
21225,0.465750
21227,3.922473
21229,0.483964
21231,0.990321
21233,0.229391
21235,0.968482
21237,0.185502
21239,2.314100
22001,4.801927
22003,6.118580
22005,14.700347
22007,3.077509
22009,3.271657
22011,11.957574
22013,1.893530
22015,12.055022
22017,23.232813
22019,58.507154
22021,1.289715
22023,1.308417
22025,0.246615
22027,1.356682
22029,1.228438
22031,5.257514
22033,33.054275
22035,0.682736
22037,2.920929
22039,1.916950
22041,0.661725
22043,4.135322
22045,4.471160
22047,1.820289
22049,2.172782
22051,74.695572
22053,3.502952
22055,5.717554
22057,24.929492
22059,1.430675
22061,2.330643
22063,18.178262
22065,0.569081
22067,1.427347
22069,6.630208
22071,51.049949
22073,10.397798
22075,5.091373
22077,0.911614
22079,12.035733
22081,2.150993
22083,0.925357
22085,7.074260
22087,5.690726
22089,11.105465
22091,3.800720
22093,3.997765
22095,9.330961
22097,5.122150
22099,2.711403
22101,2.345709
22103,23.879107
22105,25.708809
22107,1.363787
22109,17.759895
22111,3.415530
22113,3.236807
22115,9.834480
22117,3.564012
22119,2.424943
22121,1.149448
22123,0.171813
22125,1.506560
22127,2.222608
23001,9.628648
23003,2.693530
23005,28.440639
23007,5.375310
23009,11.698165
23011,15.211467
23013,4.047192
23015,9.478509
23017,10.884502
23019,17.532680
23021,4.211590
23023,6.567173
23025,8.276894
23027,6.606905
23029,2.446868
23031,23.802504
24001,2.040493
24003,6.927047
24005,13.432514
24009,1.610896
24011,0.321642
24013,3.768121
24015,2.683885
24017,2.840078
24019,0.366107
24021,3.038324
24023,1.470941
24025,4.506633
24027,2.909967
24029,0.202455
24031,9.509280
24033,9.720237
24035,0.686362
24037,2.142829
24039,0.314599
24041,0.330628
24043,1.955689
24045,0.874521
24047,1.064960
24510,8.955799
25001,21.256497
25003,2.770332
25005,10.363898
25007,0.957992
25009,18.185125
25011,1.811007
25013,9.842385
25015,2.524901
25017,22.530379
25019,0.328107
25021,13.792098
25023,26.639063
25025,6.079364
25027,15.115822
26001,3.863527
26003,0.306616
26005,6.919950
26007,1.181710
26009,2.604548
26011,2.378468
26013,0.194340
26015,4.601971
26017,2.223935
26019,1.119734
26021,7.445939
26023,3.845372
26025,9.985347
26027,2.928789
26029,2.670186
26031,5.378458
26033,1.645854
26035,4.434108
26037,2.099979
26039,2.430490
26041,0.762639
26043,0.936811
26045,4.832132
26047,4.033663
26049,13.067917
26051,3.057451
26053,0.935033
26055,1.396985
26057,0.975828
26059,4.956730
26061,0.661096
26063,3.586188
26065,8.336233
26067,4.502251
26069,3.331725
26071,0.570219
26073,1.784517
26075,13.949493
26077,12.916499
26079,0.804801
26081,27.751754
26083,0.250768
26085,1.643561
26087,4.528806
26089,1.970950
26091,7.066531
26093,14.275231
26095,0.173796
26097,1.601484
26099,31.459912
26101,1.269291
26103,2.051126
26105,1.667155
26107,2.939943
26109,1.275047
26111,4.857564
26113,1.542941
26115,10.741293
26117,4.773034
26119,3.515406
26121,8.302778
26123,3.469314
26125,83.867360
26127,1.184279
26129,3.616150
26131,0.240768
26133,1.835441
26135,2.761280
26137,4.909972
26139,7.705084
26141,2.271130
26143,3.615077
26145,5.331800
26147,7.847798
26149,3.569320
26151,3.453170
26153,0.298957
26155,2.525888
26157,2.499631
26159,5.203241
26161,26.150786
26163,135.333723
26165,1.886602
27001,0.982229
27003,2.660147
27005,0.233103
27007,1.673673
27009,0.368553
27011,0.018993
27013,0.496401
27015,0.007194
27017,0.860423
27019,1.028807
27021,1.781236
27023,0.104277
27025,0.777892
27027,0.179779
27029,0.002155
27031,0.000000
27033,0.000034
27035,1.681643
27037,2.832168
27039,0.202358
27041,0.163303
27043,0.018570
27045,0.014190
27047,0.124515
27049,0.482986
27051,0.079304
27053,17.427900
27055,0.074305
27057,0.296770
27059,0.370413
27061,1.527738
27063,0.003075
27065,0.110789
27067,0.397901
27069,0.025265
27071,0.159705
27073,0.050794
27075,0.359057
27079,0.353993
27081,0.057991
27083,0.156524
27085,0.123963
27087,0.041923
27089,0.015134
27091,0.001235
27093,0.086888
27095,0.126606
27097,0.645630
27099,0.048768
27101,0.179743
27103,0.097892
27105,0.017278
27107,0.054409
27109,0.666438
27111,1.710204
27113,0.000307
27115,0.996886
27117,0.403939
27119,0.207910
27121,0.164604
27123,6.877969
27125,0.068551
27127,0.064970
27129,0.094158
27131,0.684619
27133,0.151849
27135,0.010594
27137,4.594163
27139,0.692749
27141,0.486388
27143,0.104235
27145,1.095077
27147,0.067765
27149,0.185043
27151,0.077598
27153,0.340624
27155,0.044804
27157,0.347338
27159,0.079232
27161,0.215830
27163,4.765669
27165,0.004624
27167,0.063240
27169,0.286536
27171,0.981444
27173,0.109966
28001,3.715098
28003,0.042656
28005,2.459968
28007,1.934670
28009,0.173901
28011,1.354524
28013,0.006418
28015,0.228893
28017,0.014065
28019,0.377559
28021,2.571394
28023,0.588784
28025,0.225097
28027,0.523551
28029,3.865268
28031,1.460395
28033,2.575912
28035,1.235218
28037,1.904958
28039,2.074555
28041,1.075780
28043,1.369347
28045,1.716693
28047,6.732793
28049,16.772296
28051,1.079624
28053,0.406002
28055,0.000159
28057,0.156986
28059,4.641770
28061,1.192088
28063,1.763745
28065,1.112455
28067,1.721395
28069,0.569134
28071,1.346026
28073,0.872157
28075,2.757822
28077,1.172232
28079,0.847423
28081,0.182153
28083,0.218849
28085,3.077366
28087,0.396240
28089,4.816849
28091,0.712733
28093,0.111795
28095,0.047455
28097,0.663897
28099,1.810064
28101,1.605748
28103,0.295546
28105,0.466722
28107,1.619202
28109,1.710038
28111,0.618585
28113,3.752201
28115,0.156701
28117,0.003544
28119,0.493266
28121,4.848188
28123,2.084056
28125,0.383129
28127,2.286080
28129,1.444222
28131,0.729683
28133,0.900754
28135,1.039129
28137,1.221342
28139,0.861051
28141,0.000007
28143,0.533270
28145,0.236894
28147,1.350693
28149,5.104459
28151,1.602080
28153,0.620306
28155,0.124264
28157,3.525194
28159,0.621884
28161,0.501768
28163,0.354292
29001,0.191671
29003,0.463528
29005,0.123970
29007,0.180446
29009,0.999012
29011,0.224614
29013,0.275557
29015,0.658929
29017,0.673839
29019,1.246058
29021,2.205089
29023,0.623108
29025,0.095471
29027,0.244528
29029,1.038399
29031,1.122332
29033,0.150268
29035,0.271648
29037,1.820971
29039,0.122995
29041,0.236299
29043,1.543130
29045,0.120065
29047,3.974313
29049,0.309377
29051,0.575655
29053,0.240749
29055,0.569624
29057,0.117045
29059,0.198724
29061,0.098211
29063,0.214451
29065,0.419404
29067,0.265981
29069,0.152689
29071,1.519020
29073,0.243755
29075,0.081815
29077,4.801490
29079,0.041000
29081,0.068457
29083,0.407249
29085,0.239382
29087,0.203232
29089,0.185315
29091,0.756935
29093,0.643753
29095,16.004841
29097,0.906006
29099,3.831744
29101,0.604834
29103,0.053535
29105,0.256238
29107,0.467388
29109,1.228992
29111,0.089332
29113,1.188253
29115,0.071310
29117,0.061444
29119,0.508447
29121,0.103239
29123,0.571300
29125,0.166849
29127,0.084995
29129,0.004074
29131,0.481500
29133,0.277765
29135,0.124111
29137,0.103442
29139,0.164574
29141,0.445738
29143,0.409894
29145,1.613060
29147,0.274392
29149,0.374263
29151,0.187552
29153,0.319930
29155,0.469080
29157,0.727133
29159,0.394056
29161,0.582284
29163,0.243827
29165,1.507162
29167,0.361697
29169,0.381831
29171,0.011907
29173,0.169475
29175,0.199496
29177,0.418873
29179,0.745202
29181,0.457415
29183,3.252377
29185,0.294462
29186,0.381490
29187,1.063392
29189,9.585905
29195,0.177749
29197,0.060494
29199,0.062002
29201,0.404062
29203,0.377350
29205,0.055513
29207,1.003384
29209,0.610593
29211,0.022020
29213,1.108391
29215,0.445408
29217,0.449538
29219,0.911596
29221,0.870447
29223,0.869479
29225,1.197994
29227,0.074473
29229,0.243459
29510,21.323637
30001,0.083922
30003,0.051555
30005,0.148557
30007,0.059584
30009,0.222908
30011,0.000092
30013,1.196293
30015,0.171454
30017,0.090904
30019,0.013119
30021,0.068187
30023,0.160253
30025,0.018673
30027,0.132102
30029,3.898423
30031,1.115775
30033,0.000183
30035,0.000000
30037,0.035644
30039,0.153087
30041,0.234575
30043,0.229343
30045,0.085932
30047,0.478691
30049,0.932882
30051,0.053393
30053,1.510032
30055,0.000058
30057,0.451611
30059,0.154758
30061,0.412642
30063,3.111610
30065,0.079683
30067,0.346042
30071,0.135107
30073,0.093829
30075,0.005160
30077,0.182259
30079,0.021968
30081,0.678303
30083,0.186444
30085,0.056818
30087,0.119632
30089,0.762412
30091,0.064823
30093,0.326042
30095,0.056682
30097,0.084824
30099,0.133074
30101,0.000000
30103,0.000000
30105,0.175792
30107,0.079804
30109,0.017188
30111,1.114723
31001,0.000052
31003,0.013048
31005,0.000164
31007,0.000016
31009,0.000022
31011,0.000009
31013,0.000000
31015,0.038053
31017,0.011935
31019,0.230944
31021,0.082150
31023,0.002184
31025,1.139453
31027,0.006018
31031,0.045816
31035,0.000170
31037,0.065665
31039,0.000005
31041,0.000202
31043,0.132987
31045,0.090034
31047,0.057979
31049,0.007241
31051,0.005672
31053,0.558463
31055,19.587082
31059,0.066627
31061,0.000015
31063,0.000056
31065,0.005672
31067,0.146088
31069,0.024400
31073,0.000246
31075,0.000060
31077,0.000002
31079,0.002107
31081,0.041497
31083,0.014178
31085,0.000011
31087,0.000011
31089,0.092963
31093,0.000752
31095,0.085966
31097,0.074680
31099,0.000512
31101,0.060725
31103,0.000093
31105,0.000078
31107,0.021434
31109,0.458424
31111,0.004589
31115,0.000027
31117,0.000104
31119,0.094814
31123,0.011949
31127,0.071389
31131,0.116633
31133,0.068039
31135,0.006792
31137,0.000303
31139,0.020750
31145,0.029949
31147,0.157441
31149,0.004308
31151,0.217270
31153,5.170641
31155,1.243554
31157,0.119693
31159,0.632424
31161,0.045803
31163,0.018298
31165,0.039158
31167,0.000039
31169,0.182593
31173,0.006274
31175,0.000003
31177,1.251644
31179,0.000039
31185,0.149719
32001,0.290944
32003,11.063135
32005,1.989248
32007,0.570649
32009,0.086479
32011,0.054064
32013,0.658063
32015,0.335880
32017,0.000149
32019,0.973858
32021,0.226344
32023,0.406310
32027,0.152311
32029,0.068719
32031,9.193446
32033,0.000365
32510,0.834064
33001,4.880303
33003,5.336624
33005,3.394726
33007,1.728176
33009,3.834922
33011,9.164463
33013,5.912359
33015,10.794341
33017,4.732240
33019,2.345806
34001,3.846526
34003,13.956649
34005,11.774498
34007,6.582566
34009,2.474096
34011,1.971537
34013,11.705017
34015,3.654430
34017,3.341756
34019,10.212595
34021,6.081973
34023,9.971002
34025,25.420925
34027,26.154404
34029,18.297635
34031,7.510437
34033,1.561281
34035,7.794062
34037,12.548874
34039,8.558123
34041,7.056296
35001,6.018669
35003,0.192033
35005,0.640019
35006,0.033915
35009,0.485478
35011,0.018481
35013,2.269933
35015,0.750324
35017,0.710696
35019,0.075655
35023,0.039664
35025,1.022644
35027,1.854897
35028,0.000000
35029,0.197611
35031,0.069084
35033,0.000000
35035,0.706667
35037,0.139806
35039,1.259388
35041,0.077188
35043,1.878852
35045,1.099809
35047,0.368875
35049,2.690261
35051,0.002222
35053,0.023730
35055,0.000000
35057,0.684005
35059,0.115739
35061,1.164848
36001,9.112704
36003,1.821851
36005,4.187036
36007,5.949173
36009,2.297534
36011,1.749506
36013,1.999457
36015,1.801691
36017,3.062591
36019,1.653556
36021,4.561045
36023,0.884365
36025,2.993387
36027,15.125353
36029,16.249813
36031,3.315669
36033,1.342373
36035,2.315491
36037,1.613727
36039,2.875534
36041,2.602633
36043,2.782467
36045,2.666638
36047,5.671611
36049,1.027931
36051,1.121744
36053,1.889535
36055,14.855112
36057,1.216106
36059,21.108239
36061,0.714702
36063,3.511397
36065,5.403972
36067,4.252961
36069,1.835026
36071,11.697231
36073,1.813554
36075,2.803544
36077,2.328244
36079,10.079985
36081,9.243652
36083,6.243883
36085,2.660150
36087,6.198021
36089,2.257422
36091,9.441505
36093,3.696586
36095,1.194487
36097,1.082189
36099,0.854384
36101,2.930938
36103,26.091763
36105,7.834322
36107,2.251652
36109,2.078406
36111,13.571511
36113,5.799364
36115,3.166038
36117,2.369886
36119,28.063366
36121,1.396186
36123,1.128115
37001,4.396490
37003,1.528852
37005,0.751893
37007,1.374801
37009,2.926271
37011,0.528844
37013,1.721434
37015,0.721874
37017,1.663434
37019,8.983435
37021,31.066340
37023,6.418673
37025,4.102328
37027,4.752024
37029,0.285907
37031,5.451202
37033,1.757986
37035,5.979048
37037,3.795111
37039,1.862724
37041,0.167110
37043,0.541687
37045,5.427189
37047,3.017439
37049,3.494089
37051,3.307180
37053,0.996351
37055,1.750267
37057,3.405368
37059,1.066413
37061,2.364539
37063,8.089493
37065,0.356637
37067,11.023640
37069,1.745311
37071,6.574370
37073,0.309899
37075,0.658191
37077,1.950376
37079,0.194959
37081,18.506081
37083,1.040277
37085,3.375018
37087,4.692704
37089,18.865925
37091,0.429584
37093,1.298378
37095,0.646340
37097,4.034953
37099,4.591498
37101,3.904891
37103,0.874776
37105,2.127674
37107,1.160931
37109,2.720086
37111,5.832440
37113,3.678591
37115,1.670218
37117,0.435432
37119,27.560332
37121,4.569323
37123,1.436074
37125,7.412107
37127,1.350418
37129,15.654871
37131,0.446434
37133,9.343186
37135,4.874733
37137,1.717986
37139,0.227424
37141,3.873263
37143,0.208723
37145,1.597021
37147,1.170087
37149,4.406973
37151,3.637704
37153,1.737874
37155,5.130381
37157,5.870222
37159,4.400191
37161,8.808851
37163,2.620657
37165,1.408039
37167,1.412566
37169,2.546415
37171,2.109327
37173,1.446273
37175,5.912684
37177,0.255137
37179,3.759492
37181,1.892319
37183,14.611230
37185,0.955933
37187,0.465891
37189,3.789027
37191,2.146746
37193,3.783303
37195,0.590050
37197,1.425411
37199,4.992568
38001,0.012234
38003,0.377177
38005,0.020444
38007,0.000001
38009,0.041952
38011,0.018388
38013,0.050847
38015,0.172275
38017,1.596164
38019,0.021480
38021,0.171588
38023,0.096108
38025,0.021854
38027,0.092657
38029,0.036098
38031,0.046450
38033,0.033770
38035,0.362107
38037,0.012246
38039,0.041469
38041,0.119520
38043,0.023853
38045,0.268373
38047,0.082523
38049,0.030738
38051,0.037568
38053,0.113642
38055,0.140450
38057,0.193607
38059,0.090593
38061,0.059817
38063,0.024262
38065,0.006337
38067,0.055824
38069,0.044187
38071,0.049488
38073,0.237598
38075,0.028783
38077,0.174156
38079,0.033165
38081,0.166055
38083,0.014394
38085,0.002456
38087,0.001148
38089,0.122369
38091,0.031312
38093,1.069915
38095,0.029055
38097,0.093109
38099,0.066483
38101,0.236296
38103,0.082100
38105,0.480059
39001,1.844046
39003,1.916779
39005,1.633913
39007,5.428459
39009,3.191791
39011,0.248310
39013,2.647408
39015,1.679949
39017,4.025362
39019,1.408108
39021,0.555028
39023,1.709626
39025,5.664357
39027,1.320485
39029,4.354939
39031,1.269608
39033,0.667294
39035,41.855196
39037,0.692261
39039,0.445993
39041,3.438605
39043,1.465158
39045,3.969935
39047,0.620918
39049,21.650707
39051,0.504220
39053,1.247468
39055,7.199240
39057,2.817535
39059,1.356547
39061,14.899385
39063,1.160104
39065,0.501131
39067,1.436215
39069,0.279027
39071,1.385387
39073,3.542668
39075,1.920677
39077,1.107475
39079,1.671779
39081,2.964039
39083,2.521986
39085,10.480901
39087,4.487025
39089,3.772040
39091,0.689123
39093,5.125218
39095,4.825641
39097,0.706426
39099,4.532019
39101,0.733808
39103,1.905765
39105,1.672624
39107,0.458536
39109,1.073347
39111,0.841327
39113,9.794511
39115,1.181667
39117,1.204419
39119,2.640154
39121,0.569790
39123,1.286927
39125,0.345817
39127,2.029249
39129,1.466503
39131,2.174863
39133,4.896263
39135,1.136954
39137,0.329981
39139,3.558238
39141,3.522792
39143,0.712480
39145,2.899014
39147,0.497287
39149,0.509255
39151,6.831206
39153,10.133418
39155,5.646510
39157,3.485549
39159,0.463141
39161,0.504093
39163,1.122004
39165,3.389176
39167,2.121703
39169,2.756993
39171,0.230889
39173,0.927148
39175,0.316055
40001,0.338725
40003,0.116014
40005,0.418082
40007,0.285456
40009,0.551946
40011,0.418683
40013,1.501784
40015,2.929938
40017,5.951307
40019,1.370184
40021,0.619607
40023,0.444359
40025,0.106044
40027,5.578223
40029,0.183059
40031,2.174808
40033,0.188435
40035,0.351386
40037,2.533469
40039,1.249299
40041,1.906488
40043,0.458838
40045,0.536171
40047,1.408044
40049,0.985830
40051,1.940524
40053,0.142970
40055,0.031959
40057,0.033897
40059,0.167668
40061,0.129933
40063,0.471127
40065,0.214563
40067,0.336722
40069,0.530563
40071,0.212239
40073,0.570206
40075,0.532226
40077,0.497182
40079,1.891764
40081,1.565399
40083,2.673112
40085,0.399114
40087,0.728353
40089,1.517404
40091,0.513319
40093,0.164527
40095,0.645969
40097,1.132975
40099,0.737636
40101,1.553496
40103,0.390503
40105,0.204214
40107,0.254709
40109,48.182278
40111,0.529080
40113,1.121733
40115,0.637173
40117,0.370503
40119,1.480487
40121,1.709375
40123,1.398009
40125,3.299864
40127,0.512548
40129,0.256540
40131,1.987566
40133,0.940149
40135,0.885231
40137,0.700781
40139,0.196625
40141,0.311551
40143,21.584983
40145,1.673245
40147,0.937145
40149,0.747603
40151,0.131000
40153,0.667561
41001,0.368176
41003,1.710884
41005,28.949959
41007,2.592231
41009,0.012037
41011,1.787935
41013,0.502659
41015,0.592575
41017,2.215907
41019,4.372639
41021,0.038575
41023,0.131844
41025,0.044884
41027,0.212213
41029,5.541266
41031,0.686534
41033,3.145962
41035,1.577877
41037,0.171519
41039,7.811367
41041,3.767205
41043,3.923545
41045,0.349495
41047,18.036087
41049,0.221812
41051,27.885284
41053,2.593561
41055,0.065494
41057,2.180793
41059,1.472972
41061,0.383156
41063,0.444195
41065,0.111509
41067,10.309306
41071,3.293299
42001,1.900547
42003,34.048033
42005,3.306215
42007,4.296258
42009,1.463366
42011,10.192745
42013,2.204464
42015,2.485266
42017,20.809043
42019,6.242006
42021,4.716645
42023,0.390512
42025,1.659252
42027,4.079161
42029,20.650571
42031,1.589384
42033,2.916697
42035,0.998100
42037,2.805280
42039,3.315534
42041,3.567485
42043,2.872667
42045,15.341389
42047,0.962955
42049,6.099406
42051,3.826810
42053,1.126400
42055,1.481661
42057,0.352843
42059,1.995191
42061,0.741844
42063,4.129938
42065,1.697954
42067,0.656855
42069,3.418361
42071,3.996862
42073,1.473658
42075,2.589231
42077,5.460377
42079,3.528812
42081,2.432854
42083,1.781694
42085,3.197731
42087,1.228836
42089,10.283514
42091,24.636864
42093,0.396448
42095,7.506097
42097,1.872364
42099,1.903571
42101,13.206809
42103,6.669378
42105,0.704958
42107,3.571144
42109,0.681242
42111,1.300425
42113,0.831102
42115,3.892341
42117,1.523340
42119,0.452678
42121,2.629207
42123,1.658547
42125,7.488234
42127,5.734504
42129,9.900606
42131,2.056033
42133,7.835920
44001,1.979042
44003,5.237852
44005,1.156473
44007,11.746287
44009,7.876914
45001,2.264498
45003,14.583404
45005,0.516553
45007,18.283656
45009,0.587853
45011,0.817660
45013,4.767894
45015,3.699917
45017,0.370619
45019,10.739974
45021,3.388931
45023,1.489364
45025,1.100298
45027,0.578200
45029,2.612858
45031,0.978699
45033,0.940581
45035,2.852753
45037,2.869144
45039,0.969233
45041,1.751634
45043,1.392932
45045,46.498970
45047,6.090861
45049,0.993649
45051,4.712620
45053,1.271166
45055,1.133151
45057,2.504465
45059,6.321485
45061,0.356256
45063,9.804677
45065,1.840732
45067,1.013913
45069,0.457134
45071,3.186422
45073,7.510760
45075,1.479809
45077,9.512459
45079,8.755577
45081,2.504047
45083,32.415557
45085,1.654103
45087,0.739363
45089,0.875329
45091,4.532375
46003,0.024146
46005,0.282428
46007,0.001009
46009,0.077806
46011,0.315431
46013,0.269405
46015,0.074368
46017,0.009810
46019,0.114035
46021,0.008887
46023,0.080712
46025,0.060818
46027,0.004265
46029,0.037984
46031,0.013690
46033,0.425378
46035,0.173566
46037,0.241845
46039,0.129929
46041,0.037499
46043,0.026239
46045,0.029964
46047,0.180285
46049,0.037976
46051,0.405399
46053,0.011952
46055,0.104621
46057,0.191907
46059,0.008549
46061,0.081115
46063,0.173551
46065,0.029480
46067,0.099728
46069,0.032566
46071,0.067469
46073,0.006682
46075,0.024647
46077,0.117126
46079,0.324279
46081,0.497199
46083,0.559753
46085,0.113810
46087,0.237312
46089,0.062331
46091,0.261757
46093,0.403999
46095,0.018684
46097,0.060531
46099,4.210781
46101,0.201896
46102,0.028921
46103,1.926137
46105,0.232296
46107,0.017589
46109,0.119471
46111,0.075647
46115,0.055851
46117,0.033120
46119,0.000000
46121,0.108467
46123,0.013305
46125,0.224737
46127,0.082002
46129,0.039398
46135,0.462869
46137,0.047811
47001,0.523061
47003,0.733627
47007,0.526706
47009,2.766760
47011,2.691212
47013,0.948525
47015,0.137367
47017,0.000019
47019,0.000000
47021,0.969899
47023,0.346206
47025,0.835086
47027,0.374856
47029,0.754941
47031,0.832697
47033,0.321537
47035,2.498644
47037,21.624039
47041,0.035292
47043,0.000684
47045,0.071878
47047,1.469680
47049,0.816348
47051,0.562574
47053,0.385073
47055,1.247893
47057,0.679715
47059,1.020381
47061,0.573025
47063,0.537532
47065,2.596096
47067,0.314844
47069,0.142473
47073,1.994742
47075,0.286459
47077,0.105253
47079,1.642621
47081,0.001835
47083,0.000000
47087,0.002897
47089,1.147523
47091,0.000084
47093,10.418662
47095,0.098913
47097,0.062482
47099,0.608372
47101,0.000976
47103,0.022833
47105,0.797271
47107,0.705086
47109,0.000079
47111,0.823143
47113,2.159317
47115,0.435105
47117,0.329143
47119,1.692177
47121,0.562270
47123,1.434077
47125,3.716929
47127,0.187239
47129,0.057455
47131,0.585293
47133,0.139745
47137,0.310802
47139,0.711447
47141,0.144795
47143,0.620942
47145,0.627481
47147,1.416902
47149,1.524933
47151,0.026351
47153,0.267537
47155,6.246731
47157,63.607058
47159,0.092965
47161,0.764103
47163,3.441029
47165,3.228392
47167,1.623082
47169,0.223008
47171,0.059187
47173,0.798669
47175,0.072555
47177,0.000150
47179,1.931304
47181,0.002221
47183,0.001042
47185,0.214459
47187,1.456775
47189,1.537018
48001,3.202771
48003,0.377862
48005,5.193338
48007,1.543021
48009,0.345764
48011,0.130537
48013,0.875507
48015,14.979651
48017,0.063248
48019,0.555751
48021,2.289349
48023,0.120168
48025,0.802528
48027,11.101779
48029,28.755493
48031,0.527065
48033,0.106931
48035,0.623325
48037,3.866763
48039,36.538819
48041,3.076932
48043,0.750438
48045,0.134035
48047,0.435092
48049,1.118718
48051,0.809156
48053,0.893782
48055,0.697051
48057,0.922117
48059,0.584260
48061,9.212369
48063,1.087008
48065,0.480397
48067,3.127483
48069,0.326791
48071,9.011909
48073,3.473751
48075,0.218591
48077,0.295852
48079,0.052282
48081,0.286059
48083,0.046243
48085,18.034623
48087,0.102529
48089,3.592928
48091,3.187120
48093,0.940527
48095,0.224106
48097,1.827892
48099,1.657829
48101,0.046822
48103,0.197566
48105,0.154985
48107,0.354006
48109,0.318493
48111,0.105388
48113,72.417237
48115,0.515583
48117,0.779072
48119,0.206892
48121,12.333099
48123,0.475052
48125,0.061206
48127,0.852326
48129,0.203954
48131,1.029915
48133,1.190487
48135,3.291998
48137,0.551080
48139,5.055613
48141,5.126315
48143,1.425180
48145,1.141265
48147,0.781946
48149,0.081502
48151,0.102111
48153,0.155686
48155,0.072643
48157,30.896693
48159,1.557866
48161,1.654040
48163,0.582678
48165,0.383829
48167,27.190969
48169,0.187933
48171,2.416927
48173,0.313872
48175,0.397088
48177,0.491601
48179,0.624173
48181,3.016345
48183,14.505514
48185,1.518624
48187,1.461089
48189,0.423824
48191,0.148917
48193,0.141744
48195,0.171977
48197,0.170282
48199,4.191594
48201,233.514935
48203,6.589645
48205,0.069328
48207,0.258632
48209,3.294089
48211,0.067336
48213,4.271934
48215,28.172290
48217,0.914721
48219,0.466644
48221,0.976221
48223,1.691769
48225,2.158893
48227,1.041980
48229,0.354601
48231,2.406620
48233,0.849861
48235,0.316180
48237,0.327958
48239,0.473029
48241,0.136201
48243,0.252305
48245,19.997753
48247,0.304565
48249,1.668206
48251,3.522302
48253,0.555728
48255,0.293523
48257,3.721882
48259,1.119001
48261,0.118586
48263,0.034682
48265,2.489672
48267,0.294531
48269,0.010365
48271,0.255928
48273,1.020166
48275,0.265765
48277,0.847124
48279,0.134502
48281,0.176285
48283,0.378129
48285,0.578107
48287,0.510720
48289,2.701476
48291,9.037146
48293,1.921013
48295,0.127395
48297,0.722120
48299,1.173114
48301,0.118489
48303,2.780492
48305,0.399653
48307,0.269316
48309,5.864735
48311,0.061495
48313,1.141156
48315,1.716028
48317,0.453526
48319,0.326118
48321,3.443887
48323,2.007718
48325,2.192934
48327,0.161729
48329,4.272541
48331,1.059648
48333,0.049146
48335,0.512879
48337,0.579700
48339,45.586587
48341,0.717835
48343,1.080197
48345,0.074515
48347,4.213532
48349,1.281735
48351,0.149098
48353,0.548563
48355,10.898867
48357,0.411713
48359,0.127786
48361,13.231585
48363,1.081080
48365,1.951702
48367,4.812013
48369,0.421263
48371,0.657945
48373,3.793671
48375,2.199227
48377,0.286440
48379,0.272619
48381,1.718714
48383,0.380659
48385,0.289315
48387,0.577023
48389,0.496739
48391,0.414757
48393,0.073972
48395,1.802195
48397,2.797970
48399,0.153424
48401,4.616688
48403,0.125315
48405,0.169377
48407,3.957037
48409,2.841229
48411,0.223356
48413,0.110639
48415,0.301818
48417,0.163570
48419,0.980711
48421,0.102810
48423,13.442813
48425,0.323328
48427,1.736559
48429,0.503887
48431,0.231667
48433,0.042357
48435,0.265952
48437,0.072606
48439,45.552837
48441,2.840196
48443,0.171721
48445,0.249086
48447,0.087553
48449,1.963324
48451,3.397699
48453,42.008780
48455,2.784927
48457,2.213347
48459,4.614113
48461,0.305315
48463,1.343824
48465,1.700663
48467,3.997088
48469,1.295237
48471,4.555418
48473,15.268545
48475,0.455031
48477,1.024012
48479,4.501374
48481,9.827857
48483,0.219297
48485,2.074533
48487,0.339576
48489,1.322412
48491,15.477873
48493,0.669693
48495,0.172786
48497,1.616658
48499,4.052137
48501,0.107427
48503,0.414122
48505,0.828399
48507,0.523390
49001,0.205696
49003,0.830082
49005,0.907470
49007,0.206778
49009,0.044955
49011,2.921745
49013,0.020225
49015,0.106184
49017,0.120011
49019,0.337250
49021,0.865540
49023,0.091972
49025,0.014483
49027,0.152495
49029,0.297191
49031,0.068507
49033,0.341039
49035,14.699642
49037,0.098783
49039,0.254119
49041,0.212900
49043,1.302668
49045,0.910962
49047,0.317704
49049,3.765708
49051,0.267136
49053,0.854465
49055,0.014154
49057,5.649299
50001,1.602383
50003,1.586369
50005,1.090035
50007,2.897187
50009,0.512509
50011,1.210877
50013,0.187309
50015,0.923283
50017,2.653551
50019,1.204617
50021,2.489692
50023,2.873763
50025,4.872326
50027,4.868315
51001,0.873779
51003,8.198817
51005,0.800886
51007,1.822840
51009,2.775116
51011,1.005678
51013,4.284325
51015,2.256747
51017,0.536783
51019,5.470056
51021,1.294901
51023,1.953362
51025,1.542993
51027,2.275322
51029,1.566701
51031,3.352773
51033,0.954736
51035,4.408571
51036,0.730880
51037,2.349015
51041,9.791669
51043,0.440140
51045,0.532117
51047,2.055718
51049,1.288249
51051,1.732978
51053,2.800627
51057,0.517494
51059,10.407071
51061,3.752875
51063,2.977709
51065,1.330975
51067,4.633061
51069,1.303814
51071,1.989555
51073,2.246010
51075,1.898024
51077,3.961612
51079,0.778362
51081,0.299129
51083,2.617383
51085,3.366700
51087,13.090058
51089,3.890975
51091,0.332740
51093,0.873035
51095,1.992935
51097,0.573565
51099,1.404437
51101,0.593493
51103,0.846067
51105,0.985926
51107,4.213447
51109,2.258334
51111,1.945173
51113,0.873564
51115,0.939902
51117,1.846269
51119,0.998598
51121,4.380312
51125,1.566555
51127,1.383990
51131,0.390846
51133,1.042475
51135,1.681758
51137,1.672844
51139,0.640667
51141,2.940268
51143,5.918965
51145,2.318401
51147,3.038293
51149,0.961708
51153,3.580644
51155,3.034237
51157,0.763927
51159,0.044909
51161,3.315592
51163,1.087857
51165,2.006216
51167,3.256172
51169,3.005363
51171,1.224095
51173,3.108165
51175,0.567692
51177,3.204684
51179,5.392065
51181,0.217267
51183,0.294843
51185,3.354056
51187,1.175245
51191,3.588091
51193,0.807772
51195,1.713956
51197,2.565534
51199,1.623243
51510,2.774887
51520,0.000000
51530,0.059187
51540,1.215881
51550,3.914824
51570,0.533135
51580,0.056596
51590,1.874855
51595,0.078163
51600,9.727001
51610,0.425301
51620,1.827729
51630,0.632228
51640,0.367241
51650,2.650577
51660,0.000287
51670,0.392710
51678,0.083177
51680,3.160108
51683,0.000122
51685,0.039557
51690,0.000881
51700,3.613116
51710,3.288905
51720,0.010819
51730,1.457546
51735,0.282564
51740,1.853001
51750,0.028270
51760,1.169385
51770,4.617025
51775,0.001229
51790,0.578748
51800,1.809555
51810,8.150358
51820,0.863404
51830,0.278515
51840,0.218828
53001,0.173630
53003,0.383952
53005,0.722290
53007,0.849675
53009,2.756278
53011,3.626790
53013,0.085616
53015,0.543582
53017,0.306461
53019,0.834680
53021,0.066028
53023,0.117986
53025,0.086775
53027,0.000000
53029,9.460670
53031,1.906187
53033,63.133794
53035,10.828841
53037,1.404800
53039,0.014102
53041,2.086501
53043,0.456825
53045,1.626735
53047,0.070481
53049,0.000000
53051,0.495699
53053,15.278446
53055,1.578884
53057,4.788897
53059,0.005719
53061,16.916956
53063,6.446988
53065,2.827895
53067,8.611582
53069,0.000121
53071,0.771964
53073,5.505644
53075,0.796653
53077,2.669217
54001,0.900497
54003,0.949737
54005,2.982120
54007,1.758342
54009,1.287905
54011,10.355870
54013,1.145617
54015,2.075108
54017,1.104225
54019,4.933132
54021,1.033686
54023,0.722206
54025,3.166885
54027,2.122838
54029,1.490884
54031,1.129933
54033,2.740892
54035,2.918865
54037,1.189729
54039,17.144978
54041,1.353129
54043,5.620711
54045,3.527556
54047,2.408521
54049,2.964811
54051,4.391752
54053,2.661884
54055,5.745507
54057,0.786247
54059,4.425853
54061,3.521079
54063,1.262276
54065,1.073381
54067,2.704234
54069,3.453911
54071,0.734105
54073,0.546721
54075,1.223723
54077,1.418771
54079,4.770516
54081,5.060970
54083,1.391717
54085,1.466170
54087,2.193595
54089,1.041913
54091,0.832147
54093,0.720205
54095,0.955094
54097,1.645690
54099,9.769659
54101,2.025725
54103,1.356648
54105,1.044768
54107,2.659415
54109,2.257107
55001,0.509004
55003,0.202311
55005,0.637110
55007,0.217329
55009,3.605381
55011,0.153991
55013,0.147681
55015,0.493608
55017,0.542832
55019,0.326124
55021,0.624229
55023,0.095866
55025,3.030905
55027,0.833940
55029,1.644202
55031,0.323082
55033,0.377195
55035,0.678785
55037,0.423654
55039,1.090799
55041,1.540223
55043,0.224433
55045,0.264421
55047,0.427158
55049,0.231216
55051,0.423325
55053,0.056086
55055,1.645261
55057,0.184777
55059,2.672477
55061,0.304953
55063,1.033230
55065,0.111165
55067,1.548439
55069,1.696000
55071,0.396957
55073,2.110535
55075,3.610253
55077,0.462747
55078,0.615365
55079,15.841028
55081,0.232462
55083,2.105542
55085,3.780611
55087,4.866211
55089,1.582760
55091,0.062323
55093,0.174575
55095,1.041184
55097,1.966913
55099,0.112850
55101,3.348666
55103,0.061046
55105,0.904821
55107,0.325920
55109,1.169420
55111,0.661220
55113,0.757567
55115,1.117617
55117,1.234489
55119,0.093003
55121,0.217162
55123,0.218743
55125,4.031034
55127,2.174361
55129,0.285509
55131,2.088640
55133,8.314113
55135,1.461338
55137,0.737132
55139,1.491983
55141,0.710000
56001,0.629124
56003,0.094901
56005,0.667400
56007,0.264652
56009,0.488016
56011,0.500589
56013,0.231543
56015,0.001357
56017,0.060977
56019,0.247132
56021,0.464243
56023,0.164274
56025,0.767895
56027,0.009654
56029,0.178736
56031,0.036963
56033,0.381108
56035,0.193870
56037,0.558682
56039,0.083313
56041,0.116068
56043,0.037263
56045,0.189592
72013,83.086979
72021,66.056430
72025,108.418960
72031,14.854431
72097,122.916304
72113,107.910200
72127,84.183729
78010,7.992932
78020,1.651636
78030,13.914616
