fips,name,qualifying,ch_m
06037,"Los Angeles County, California",1180328,155.8
04013,"Maricopa County, Arizona",682357,24.3
06073,"San Diego County, California",444192,40.0
06059,"Orange County, California",418219,28.7
17031,"Cook County, Illinois",392212,39.8
53033,"King County, Washington",390502,63.1
06065,"Riverside County, California",365611,37.8
36103,"Suffolk County, New York",336032,26.1
48201,"Harris County, Texas",319147,233.5
32003,"Clark County, Nevada",311121,11.1
36059,"Nassau County, New York",309358,21.1
06071,"San Bernardino County, California",287571,52.7
25017,"Middlesex County, Massachusetts",263316,22.5
06085,"Santa Clara County, California",263240,32.0
06067,"Sacramento County, California",260085,21.8
12086,"Miami-Dade County, Florida",245791,109.6
06001,"Alameda County, California",242647,22.1
06013,"Contra Costa County, California",220863,18.1
48439,"Tarrant County, Texas",208090,45.6
48453,"Travis County, Texas",203253,42.0
48085,"Collin County, Texas",199881,18.0
49035,"Salt Lake County, Utah",196350,14.7
48113,"Dallas County, Texas",193701,72.4
12011,"Broward County, Florida",184391,73.1
27053,"Hennepin County, Minnesota",183726,17.4
