utility_id,utility,state,ownership,saidi_with_med,saidi_without_med,customers,multiplier,storm_hours
9689,Jefferson Electric Member Corp,GA,Cooperative,10318.0,109.21,36791.0,94.47852760736197,170.1465
10768,"Laurens Electric Coop, Inc",SC,Cooperative,8309.98,97.08,63495.0,85.59929954676555,136.88166666666666
162,Aiken Electric Coop Inc,SC,Cooperative,7941.05,93.87,52839.0,84.59625013316288,130.78633333333335
1889,Blue Ridge Elec Member Corp - (NC),NC,Cooperative,6038.46,92.9,79753.0,64.99956942949407,99.09266666666667
18454,Tampa Electric Co,FL,Investor Owned,4239.69,70.14,869995.0,60.446107784431135,69.49249999999999
5416,"Duke Energy Carolinas, LLC",SC,Investor Owned,7803.739,179.619,670391.0,43.446066396093954,127.06866666666666
13485,New Smyrna Beach City of,FL,Municipal,2858.0,73.6,30584.0,38.83152173913044,46.406666666666666
10056,City of Kaukauna,WI,Municipal,229.469,6.634,16534.0,34.58984021706361,3.7139166666666665
12462,Mid-Carolina Electric Coop Inc,SC,Cooperative,3915.314,117.477,60406.0,33.32834512287511,63.29728333333333
6455,"Duke Energy Florida, LLC",FL,Investor Owned,2499.54,83.51,2016207.0,29.93102622440426,40.26716666666666
8901,CenterPoint Energy,TX,Investor Owned,4315.811,150.088,2847806.0,28.755203613879857,69.42871666666666
3245,"Central Florida Elec Coop, Inc",FL,Cooperative,4439.851,158.301,36795.0,28.046891681038023,71.35916666666665
1890,Blue Ridge Electric Coop Inc - (SC),SC,Cooperative,5291.42,193.24,72913.0,27.38263299523908,84.96966666666667
18360,Suwannee Valley Elec Coop Inc,FL,Cooperative,7274.8,291.182,28695.0,24.9836871784657,116.39363333333334
17539,"Dominion Energy South Carolina, Inc",SC,Investor Owned,1908.47,80.61,816766.0,23.67535045279742,30.464333333333336
14398,Palmetto Electric Coop Inc,SC,Cooperative,630.7,31.7,79619.0,19.895899053627762,9.983333333333333
13482,New River Light & Power Co,NC,State,307.21,17.52,9097.0,17.53481735159817,4.828166666666666
8333,Haywood Electric Member Corp,NC,Cooperative,9611.748,565.695,29052.0,16.991042876461695,150.76755
20885,Withlacoochee River Elec Coop,FL,Cooperative,1322.73,78.7,260730.0,16.807242693773823,20.733833333333333
14606,"Peace River Electric Coop, Inc",FL,Cooperative,1460.4,90.0,68796.0,16.226666666666667,22.84
20146,Washington Elec Member Corp,GA,Cooperative,6929.9,428.9,16337.0,16.15737934250408,108.35
16496,Rutherford Elec Member Corp,NC,Cooperative,5532.416,350.163,76515.0,15.79954478342943,86.37088333333334
6452,Florida Power & Light Co,FL,Investor Owned,702.08,45.69,5976022.0,15.366163274239442,10.939833333333334
8210,Hart Electric Member Corp,GA,Cooperative,1173.688,77.962,39869.0,15.054616351555888,18.2621
2248,Bristol Virginia Utilities,VA,Municipal,530.395,36.082,15954.0,14.699711767640373,8.23855
5336,City of Dover - (OH),OH,Municipal,109.46,7.69,7156.0,14.234070221066318,1.6961666666666666
7027,City of Gastonia - (NC),NC,Municipal,1378.2,97.2,31366.0,14.179012345679013,21.35
10171,Kentucky Utilities Co,VA,Investor Owned,2044.27,146.73,29557.0,13.932188373202482,31.625666666666667
14127,Omaha Public Power District,NE,Political Subdivision,1186.2,85.7,403157.0,13.841306884480748,18.341666666666665
6909,Gainesville Regional Utilities,FL,Municipal,743.98,56.12,101488.0,13.256949394155383,11.464333333333334
3755,Cleveland Electric Illum Co,OH,Investor Owned,1918.07,150.04,744898.0,12.783724340175953,29.467166666666667
3046,Duke Energy Progress - (NC),NC,Investor Owned,1803.12,141.35,1616285.0,12.756420233463034,27.696166666666667
5860,Empire District Electric Co,OK,Investor Owned,1110.24,88.35,5928.0,12.566383701188457,17.0315
3757,"Clay Electric Cooperative, Inc - (FL)",FL,Cooperative,2142.0,174.0,193326.0,12.310344827586206,32.8
16613,Sam Houston Electric Coop Inc,TX,Cooperative,4584.0,378.0,93486.0,12.126984126984127,70.1
1625,Benton Rural Electric Assn,WA,Cooperative,1887.0,156.015,16453.0,12.09499086626286,28.849750000000004
7140,Georgia Power Co,GA,Investor Owned,1516.16,127.94,2717959.0,11.850554947631704,23.137
15700,Rayle Electric Membership Corp,GA,Cooperative,3490.25,298.913,19919.0,11.676474425669007,53.18895
3093,Carroll Electric Coop Corp - (AR),AR,Cooperative,1795.68,161.42,107376.0,11.124272085243465,27.237666666666666
21002,York Electric Coop Inc,SC,Cooperative,980.87,89.14,71302.0,11.003702041732106,14.862166666666667
31833,Okefenoke Rural El Member Corp,GA,Cooperative,2075.374,189.494,29259.0,10.952188459792922,31.43133333333333
18449,"Talquin Electric Coop, Inc",FL,Cooperative,2516.72,236.437,55496.0,10.644357693592795,38.00471666666667
18249,City of Sturgeon Bay - (WI),WI,Municipal,27.7,2.68,9589.0,10.335820895522387,0.417
12341,MidAmerican Energy Co,SD,Investor Owned,428.0,42.0,5299.0,10.19047619047619,6.433333333333334
11018,Lincoln Electric System,NE,Municipal,187.1,19.3,151839.0,9.694300518134714,2.7966666666666664
5416,"Duke Energy Carolinas, LLC",NC,Investor Owned,1626.01,167.991,2211457.0,9.679149478245858,24.300316666666667
15472,Public Service Co of NH,NH,Investor Owned,786.2,81.5,551456.0,9.646625766871166,11.745000000000001
20793,City of Winchester - (TN),TN,Municipal,237.76,25.43,6835.0,9.349587101848211,3.5388333333333333
16461,"Rusk County Electric Coop, Inc",TX,Cooperative,3860.5,431.7,23513.0,8.94255269863331,57.14666666666667
3266,Central Maine Power Co,ME,Investor Owned,1893.5,215.4,679726.0,8.790622098421542,27.96833333333333
1366,City of Bay City - (MI),MI,Municipal,414.996,48.348,20500.0,8.583519483742863,6.110799999999999
8723,City of Holland,MI,Municipal,339.4,39.8,31482.0,8.527638190954773,4.993333333333333
18848,City of Thomasville - (GA),GA,Municipal,1259.6,151.25,16411.0,8.32793388429752,18.4725
7483,City of Grand Haven - (MI),MI,Municipal,237.538,29.028,15083.0,8.183064627256442,3.475166666666667
5644,"Edisto Electric Coop, Inc",SC,Cooperative,2354.57,293.16,21317.0,8.031689179969982,34.35683333333334
6709,Easley Combined Utility System,SC,Municipal,725.18,93.56,17416.0,7.7509619495510895,10.526999999999997
16638,"San Bernard Electric Coop, Inc",TX,Cooperative,1238.5,162.5,36644.0,7.621538461538462,17.933333333333334
14245,Overton Power District No 5,NV,Political Subdivision,157.98,20.74,18539.0,7.617164898746384,2.287333333333333
15293,Powell Valley Electric Coop,VA,Cooperative,508.861,68.53,8330.0,7.425375747847657,7.33885
10171,Kentucky Utilities Co,KY,Investor Owned,582.43,83.16,555275.0,7.003727753727754,8.321166666666667
16195,City of Rock Hill - (SC),SC,Municipal,604.972,89.572,40379.0,6.754030277318805,8.59
18339,Surry-Yadkin Elec Member Corp,NC,Cooperative,1432.316,212.988,28552.0,6.724867128664526,20.322133333333333
19435,Union Electric Membership Corp - (NC),NC,Cooperative,357.11,53.18,86280.0,6.715118465588567,5.0655
14381,City of Painesville,OH,Municipal,348.151,51.903,12614.0,6.7077240236595195,4.9374666666666664
11479,Madison Gas & Electric Co,WI,Investor Owned,278.6,41.61,166686.0,6.695505888007691,3.9498333333333333
1149,Baldwin County El Member Corp,AL,Cooperative,127.573,20.076,89946.0,6.354502889021717,1.7916166666666664
2247,City of Bristol - (TN),TN,Municipal,545.49,85.878,34327.0,6.351917836931461,7.660200000000001
7625,City of Greeneville - (TN),TN,Municipal,791.26,125.56,40451.0,6.301847722204523,11.095
10331,Kingsport Power Co,TN,Investor Owned,1027.6,164.7,49555.0,6.2392228293867635,14.381666666666664
21567,"Washington-St Tammany E C, Inc",LA,Cooperative,1507.55,241.88,55599.0,6.232636017860096,21.0945
19161,"Tri-County Electric Coop, Inc (FL)",FL,Cooperative,8347.26,1369.9,19948.3,6.093335279947441,116.28933333333335
24590,Unitil Energy Systems,NH,Investor Owned,593.36,97.66,79654.0,6.075773090313333,8.261666666666667
689,Connexus Energy,MN,Cooperative,181.279,30.133,146551.5,6.015962565957588,2.5191
31833,Okefenoke Rural El Member Corp,FL,Cooperative,1406.485,234.331,11921.0,6.002129466438499,19.5359
14175,"Tri-County Electric Coop, Inc (SC)",SC,Cooperative,1041.7,174.79,18466.0,5.959723096286973,14.448500000000001
15500,Puget Sound Energy Inc,WA,Investor Owned,1196.0,203.0,1240043.0,5.891625615763547,16.55
18955,"Tri-County Electric Coop, Inc (IL)",IL,Cooperative,372.0,63.7,16708.0,5.839874411302983,5.138333333333334
15248,Portland General Electric Co,OR,Investor Owned,772.0,133.0,942296.0,5.804511278195489,10.65
55937,Entergy Texas Inc.,TX,Investor Owned,1727.5,304.8,526491.0,5.667650918635171,23.711666666666666
16259,City of Rolla - (MO),MO,Municipal,146.05,25.87,9719.0,5.6455353691534595,2.003
10000,Evergy Metro,KS,Investor Owned,323.17,61.15,285403.0,5.284873262469338,4.367000000000001
11249,Louisville Gas & Electric Co,KY,Investor Owned,433.96,83.05,444830.0,5.22528597230584,5.8485
7716,Groton Dept of Utilities - (CT),CT,Municipal,116.62,22.48,14149.0,5.187722419928826,1.569
11788,Consumers Energy Coop - (IA),IA,Cooperative,493.49,95.507,7560.0,5.167055817898165,6.63305
7634,City of Greenville - (TX),TX,Municipal,82.855,16.072,17201.0,5.155238924838229,1.11305
15507,City of Pulaski - (TN),TN,Municipal,756.56,148.74,15089.0,5.08645959392228,10.130333333333333
9096,City of Lafayette - (LA),LA,Municipal,166.601,32.95,70264.0,5.05617602427921,2.227516666666667
14715,PPL Electric Utilities Corp,PA,Investor Owned,455.1,90.3,1470255.0,5.039867109634552,6.08
7887,Habersham Electric Membership Corp,GA,Cooperative,1144.828,228.026,37445.0,5.020602913702823,15.280033333333332
7264,"Glades Electric Coop, Inc",FL,Cooperative,2250.2,448.6,18558.0,5.016049933125278,30.026666666666664
733,Appalachian Power Co,VA,Investor Owned,1714.0,342.3,550129.0,5.007303534910896,22.861666666666668
60631,Upper Michigan Energy Resources Corp.,MI,Investor Owned,1082.0,218.0,38754.0,4.963302752293578,14.4
20860,Wisconsin Public Service Corp,WI,Investor Owned,465.0,95.0,469161.0,4.894736842105263,6.166666666666667
25295,Western Indiana Energy REMC,IN,Cooperative,1048.9,214.35,16895.0,4.893398647072545,13.909166666666668
13676,"North Arkansas Elec Coop, Inc",AR,Cooperative,1183.52,243.37,38978.0,4.863048033857912,15.669166666666666
3687,Clark Energy Coop Inc - (KY),KY,Cooperative,1300.7,268.82,27723.0,4.8385536790417385,17.198
7558,Grayson Rural Electric Coop Corp,KY,Cooperative,2369.86,492.84,14894.0,4.808578849119391,31.28366666666667
14289,Ozarks Electric Coop Corp - (AR),OK,Cooperative,325.12,67.8,12930.0,4.7952802359882005,4.288666666666667
14668,Peninsula Light Company,WA,Cooperative,651.56,136.07,35518.0,4.788417726170353,8.5915
13143,Board of Water Electric & Communications,IA,Municipal,40.79,8.547,11665.0,4.772434772434772,0.5373833333333332
4922,Dayton Power & Light Co,OH,Investor Owned,502.58,106.38,613948.0,4.724384282759917,6.6033333333333335
5860,Empire District Electric Co,AR,Investor Owned,673.14,146.94,5561.0,4.581053491220906,8.770000000000001
8764,"Holston Electric Coop, Inc",TN,Cooperative,891.509,197.719,32442.0,4.5089698005755645,11.563166666666666
17698,Southwestern Electric Power Co,TX,Investor Owned,1057.2,234.8,192067.0,4.502555366269165,13.706666666666669
9778,Johnson County Rural E M C,IN,Cooperative,123.205,27.617,31310.0,4.46120143389941,1.5931333333333333
19501,"Union Rural Electric Coop, Inc",OH,Cooperative,259.5,59.2,12320.0,4.383445945945946,3.3383333333333334
17585,"Southeastern IL Elec Coop, Inc",IL,Cooperative,602.712,137.682,25005.0,4.377565694862073,7.7505
15257,"Poudre Valley REA, Inc",CO,Cooperative,324.62,74.22,55762.0,4.3737537052007545,4.173333333333334
9777,Johnson City - (TN),TN,Municipal,658.539,152.208,83793.0,4.326572847682119,8.43885
5773,City of Elk River,MN,Municipal,42.083,9.801,13466.0,4.293745536169778,0.5380333333333333
3470,Cherokee County Elec Coop Assn - (TX),TX,Cooperative,2703.96,631.17,22405.0,4.284043918437188,34.5465
11256,City of Loveland - (CO),CO,Municipal,80.68,18.95,41790.0,4.257519788918207,1.0288333333333335
3502,"Choctawhatche Elec Coop, Inc",FL,Cooperative,278.328,65.732,65293.0,4.234284671088663,3.5432666666666663
305,Alger-Delta Coop Electric Assn,MI,Cooperative,950.6,226.3,10440.0,4.200618647812638,12.071666666666665
20377,West Kentucky Rural E C C,KY,Cooperative,874.678,208.785,40472.0,4.189371841846876,11.098216666666668
16382,"Rural Electric Coop, Inc - (OK)",OK,Cooperative,638.7,153.8,12700.0,4.152795838751626,8.081666666666667
12990,Consolidated Cooperative,OH,Cooperative,354.0,87.0,19176.0,4.068965517241379,4.45
26510,Liberty Utilities (Granite State Electri,NH,Investor Owned,370.312,92.693,45565.0,3.995037381463541,4.6269833333333334
17166,Sierra Pacific Power Co,NV,Investor Owned,403.32,102.07,396461.0,3.951405897913197,5.020833333333333
17698,Southwestern Electric Power Co,AR,Investor Owned,978.1,247.8,127807.0,3.9471347861178367,12.171666666666665
18976,Trinity Valley Elec Coop Inc,TX,Cooperative,1042.0,267.31,85275.0,3.898095843776888,12.9115
12208,City of McPherson - (KS),KS,Municipal,49.114,12.628,8988.0,3.889293633196072,0.6081
10000,Evergy Metro,MO,Investor Owned,401.69,103.93,311001.0,3.865005292023477,4.962666666666666
19791,"Vermont Electric Cooperative, Inc",VT,Cooperative,895.8,231.8,40741.0,3.864538395168248,11.066666666666666
6775,Village of Freeport - (NY),NY,Municipal,26.606,6.9,14613.0,3.855942028985507,0.3284333333333334
6442,Fleming-Mason Energy Coop Inc,KY,Cooperative,831.14,216.89,26110.0,3.8320807782747015,10.2375
19820,Victory Electric Coop Assn Inc,KS,Cooperative,431.2,112.6,20466.0,3.829484902309059,5.3100000000000005
2651,Butler Rural Electric Coop Inc - (OH),OH,Cooperative,226.91,61.08,11780.0,3.7149639816633924,2.763833333333333
4110,Commonwealth Edison Co,IL,Investor Owned,131.9,35.62,4229904.0,3.702975856260528,1.6046666666666667
13573,Niagara Mohawk Power Corp.,NY,Investor Owned,510.14,140.65,1690739.0,3.6270174191254885,6.158166666666667
3113,City of Carthage - (MO),MO,Municipal,243.432,67.319,8136.0,3.616096495788707,2.935216666666667
15293,Powell Valley Electric Coop,TN,Cooperative,499.19,138.361,26192.0,3.60788083347186,6.013816666666667
5063,City of Denton - (TX),TX,Municipal,80.906,22.551,69105.0,3.587690124606448,0.9725833333333334
11571,Manitowoc Public Utilities,WI,Municipal,29.11,8.16,18306.0,3.5674019607843137,0.3491666666666667
12243,Meade County Rural E C C,KY,Cooperative,349.395,98.007,31499.0,3.565000459150877,4.1898
13651,Nolin Rural Electric Coop Corp,KY,Cooperative,199.626,56.08,38164.0,3.559664764621969,2.3924333333333334
18206,Strawberry Electric Serv Dist,UT,Political Subdivision,167.042,47.042,4109.0,3.5509119510224902,2.0
14940,PECO Energy Co,PA,Investor Owned,212.0,60.0,1688261.0,3.533333333333333,2.533333333333333
562,Amicalola Electric Member Corp,GA,Cooperative,1587.61,449.52,55838.4,3.531789464317494,18.968166666666665
13416,City of New Bern - (NC),NC,Municipal,144.201,41.46,24952.0,3.4780752532561503,1.7123499999999998
12988,City of Morristown - (TN),TN,Municipal,238.92,68.94,16509.0,3.4656222802436902,2.8329999999999997
21632,EnergyUnited Elec Member Corp,NC,Cooperative,424.32,123.78,132720.0,3.428017450315075,5.0089999999999995
14354,PacifiCorp,OR,Investor Owned,368.37,107.57,638000.0,3.424467788416845,4.346666666666667
17470,PUD No 1 of Snohomish County,WA,Political Subdivision,620.9,181.4,386741.0,3.422822491730981,7.325
19219,Diverse Power Incorporated,AL,Cooperative,184.681,54.981,685.0,3.3589967443298594,2.161666666666667
12515,"Midwest Electric, Inc - (OH)",OH,Cooperative,292.6,88.5,11221.0,3.306214689265537,3.401666666666667
1613,Berkeley Electric Coop Inc,SC,Cooperative,293.3,88.9,130042.0,3.2992125984251968,3.4066666666666667
2056,City of Bowling Green - (KY),KY,Municipal,72.92,22.19,31532.0,3.2861649391617846,0.8455
1886,Blue Grass Energy Coop Corp,KY,Cooperative,596.51,182.17,62550.0,3.2744689026733274,6.905666666666667
13478,"Entergy New Orleans, LLC",LA,Investor Owned,586.4,179.7,211631.0,3.263216471897607,6.778333333333333
2911,"Canadian Valley Elec Coop, Inc",OK,Cooperative,590.664,181.851,27599.0,3.248065724136793,6.81355
4254,Consumers Energy Co - (MI),MI,Investor Owned,502.55,154.97,1889301.0,3.242885719816739,5.793000000000001
3295,City of Centralia - (WA),WA,Municipal,179.941,55.664,10745.0,3.232627910319057,2.071283333333333
719,Town of Apex- (NC),NC,Municipal,116.396,36.273,28371.0,3.2088881537231546,1.3353833333333331
56146,"Black Hills Colorado Electric, LLC",CO,Investor Owned,323.297,101.406,100052.0,3.1881446857187936,3.6981833333333336
19667,Utilities Dist-Western IN REMC,IN,Cooperative,1372.08,430.74,19911.0,3.1854018665552304,15.688999999999998
733,Appalachian Power Co,WV,Investor Owned,1831.9,576.4,417949.0,3.1781748785565584,20.925
12692,"Missoula Electric Coop, Inc",MT,Cooperative,1606.3,505.9,17133.0,3.1751334255781773,18.34
6923,City of Gallatin - (TN),TN,Municipal,164.37,51.8,26511.0,3.1731660231660235,1.8761666666666668
13756,Northern Indiana Pub Serv Co,IN,Investor Owned,534.0,169.0,485189.0,3.1597633136094676,6.083333333333333
4317,"Coos-Curry Electric Coop, Inc",OR,Cooperative,570.7,181.3,18713.0,3.1478212906784337,6.49
11355,"Lynches River Elec Coop, Inc",SC,Cooperative,518.1,164.6,22362.0,3.147630619684083,5.891666666666667
727,Appalachian Electric Coop,TN,Cooperative,927.02,295.02,49902.0,3.1422276455833504,10.533333333333333
3542,Duke Energy Ohio Inc,OH,Investor Owned,321.09,102.53,760441.0,3.1316687798693064,3.642666666666666
22500,"Evergy Kansas Central, Inc",KS,Investor Owned,318.06,101.58,392397.0,3.1311281748375666,3.608
18336,Superior Water and Light Co,WI,Investor Owned,22.44,7.18,14817.0,3.125348189415042,0.25433333333333336
17647,Southern Pine Electric Cooperative,MS,Cooperative,1003.22,321.2,70097.0,3.1233499377334994,11.366999999999999
9575,Jackson Energy Coop Corp - (KY),KY,Cooperative,856.0,276.0,53698.0,3.101449275362319,9.666666666666666
22053,Kentucky Power Co,KY,Investor Owned,1256.2,405.8,161599.0,3.0956136027599803,14.173333333333336
15410,Prince George Electric Coop,VA,Cooperative,279.99,90.6,13201.0,3.0903973509933778,3.1565000000000003
20371,"West Florida El Coop Assn, Inc",FL,Cooperative,568.48,184.12,29314.0,3.0875515967847056,6.406000000000001
17698,Southwestern Electric Power Co,LA,Investor Owned,983.8,320.1,191329.0,3.07341455795064,11.061666666666666
16603,"San Luis Valley R E C, Inc",CO,Cooperative,296.2,96.4,13026.0,3.072614107883817,3.3299999999999996
20130,Warren Rural Elec Coop Corp,KY,Cooperative,457.72,149.16,74727.0,3.068651112898901,5.142666666666668
5109,DTE Electric Company,MI,Investor Owned,482.98,159.171,2261010.0,3.034346708885413,5.396816666666667
3093,Carroll Electric Coop Corp - (AR),MO,Cooperative,402.58,133.41,11793.0,3.017614871448917,4.486166666666666
1936,Bolivar Energy Authority,TN,Municipal,335.278,111.449,11449.0,3.0083535967123978,3.7304833333333334
16606,"Santee Electric Coop, Inc",SC,Cooperative,441.86,147.0,44910.2,3.0058503401360546,4.914333333333333
3843,Coastal Electric Member Corp - (GA),GA,Cooperative,3698.13,1235.09,23634.0,2.994219044765969,41.050666666666665
6181,"Farmers Electric Coop, Inc - (MO)",MO,Cooperative,276.79,92.58,13561.0,2.9897386044502055,3.070166666666667
14354,PacifiCorp,CA,Investor Owned,586.59,196.55,47083.0,2.9844314423810734,6.500666666666667
17044,"Shelby Energy Coop, Inc - (KY)",KY,Cooperative,527.6,177.2,18445.0,2.977426636568849,5.840000000000001
4743,"Consumers Power, Inc",OR,Cooperative,1052.8,354.1,23819.0,2.9731714205026827,11.645
817,Arkansas Valley Elec Coop Corp,AR,Cooperative,585.75,197.34,59167.0,2.968227424749164,6.4735
8840,City of Hope - (AR),AR,Municipal,121.32,41.18,6995.0,2.9460903351141328,1.3356666666666663
10599,"Lake Region Electric Coop, Inc - (OK)",OK,Cooperative,340.28,115.623,26481.0,2.9430130683341544,3.744283333333333
4296,"Cookson Hills Elec Coop, Inc",OK,Cooperative,399.113,136.277,18978.0,2.9286893606404605,4.3806
16868,City of Seattle - (WA),WA,Municipal,323.6,110.8,537470.0,2.92057761732852,3.546666666666667
14164,City of Orangeburg - (SC),SC,Municipal,733.2,252.0,24461.0,2.90952380952381,8.020000000000001
10618,Lake Region Electric Cooperative - (MN),MN,Cooperative,297.43,102.47,29815.0,2.90260564067532,3.2493333333333334
3250,Central Electric Membership Corp. - (NC),NC,Cooperative,442.541,152.893,24626.0,2.8944490591459386,4.827466666666667
9336,CORE Electric Cooperative,CO,Cooperative,212.358,74.185,178763.0,2.8625463368605515,2.3028833333333334
11241,Entergy Louisiana LLC,LA,Investor Owned,609.9,213.2,1124748.0,2.860694183864916,6.611666666666666
9605,Jackson Purchase Energy Corporation,KY,Cooperative,320.054,112.574,30772.0,2.843054346474319,3.4579999999999993
14717,Pee Dee Electric Member Corp,NC,Cooperative,532.124,187.205,21793.0,2.8424668144547423,5.74865
9273,AES Indiana,IN,Investor Owned,246.899,87.299,525000.0,2.828199635734659,2.6599999999999997
13781,Northern States Power Co - Minnesota,MN,Investor Owned,308.73,110.39,1361168.0,2.7967207174562914,3.305666666666667
4975,Deep East Texas Elec Coop Inc,TX,Cooperative,3296.59,1196.43,45255.0,2.7553555159934136,35.00266666666666
9837,Jones-Onslow Elec Member Corp,NC,Cooperative,124.706,45.468,87495.0,2.742720154834169,1.3206333333333333
13206,Nantucket Electric Co,MA,Investor Owned,138.16,50.4,13995.0,2.7412698412698413,1.4626666666666666
2054,City of Bowling Green - (OH),OH,Municipal,20.874,7.629,14952.0,2.736138419189933,0.22074999999999997
20847,Wisconsin Electric Power Co,WI,Investor Owned,296.0,109.0,1212936.0,2.7155963302752295,3.1166666666666667
16587,Salt River Electric Coop Corp,KY,Cooperative,357.5,132.0,57242.0,2.7083333333333335,3.7583333333333333
10579,City of LaFollette,TN,Municipal,742.0,275.0,22994.0,2.6981818181818182,7.783333333333333
3841,Coast Electric Power Assn - (MS),MS,Cooperative,277.417,103.485,90258.0,2.6807460018360145,2.898866666666666
20477,City of Westerville - (OH),OH,Municipal,57.41,21.49,18012.0,2.6714751046998604,0.5986666666666667
20481,City of Westfield - (MA),MA,Municipal,122.784,46.116,18194.0,2.6625032526671872,1.2778
636,City of Anderson - (IN),IN,Municipal,511.743,192.704,34434.0,2.655590958153437,5.317316666666667
15470,"Duke Energy Indiana, LLC",IN,Investor Owned,295.63,112.89,910102.0,2.6187439100008856,3.045666666666667
12351,City of Mesa - (AZ),AZ,Municipal,64.35,24.73,17975.0,2.602102709260008,0.6603333333333332
1775,Black River Electric Coop - (MO),MO,Cooperative,1161.95,447.35,25556.0,2.597406952050967,11.91
13839,City of Norwood - (MA),MA,Municipal,64.06,24.8,16301.0,2.583064516129032,0.6543333333333334
12698,Evergy Missouri West,MO,Investor Owned,306.18,118.82,346863.0,2.5768389160074063,3.122666666666667
8245,City of Hastings - (NE),NE,Municipal,29.713,11.589,13960.0,2.5638967986884116,0.3020666666666667
13830,Nueces Electric Cooperative,TX,Cooperative,437.147,170.894,20733.0,2.5580008660339155,4.43755
10539,"La Plata Electric Assn, Inc",CO,Cooperative,184.11,72.2,46842.0,2.5500000000000003,1.8651666666666669
2812,City of Calhoun - (GA),GA,Municipal,123.71,48.77,6254.0,2.536600369079352,1.2489999999999999
10624,Southern Rivers Energy,GA,Cooperative,598.35,236.92,21594.0,2.5255360459226743,6.023833333333334
6194,Farmers Rural Electric Coop Corp - (KY),KY,Cooperative,396.41,156.99,26880.0,2.5250652907828526,3.9903333333333335
1179,Versant Power,ME,Investor Owned,1206.0,478.0,165401.0,2.5230125523012554,12.133333333333333
2502,"Buckeye Rural Elec Coop, Inc",OH,Cooperative,2912.663,1158.553,18863.0,2.5140524430043336,29.235166666666665
6395,Flathead Electric Coop Inc,MT,Cooperative,586.42,235.18,78834.0,2.493494344757207,5.853999999999999
2001,Boone Electric Coop,MO,Cooperative,125.34,50.27,35400.0,2.493335985677342,1.2511666666666665
18125,Stillwater Utilities Authority,OK,Municipal,145.05,58.21,22191.0,2.4918398900532557,1.4473333333333334
12341,MidAmerican Energy Co,IA,Investor Owned,219.0,88.0,740347.0,2.4886363636363638,2.183333333333333
19497,United Illuminating Co,CT,Investor Owned,121.8,49.2,345159.0,2.475609756097561,1.21
7353,Golden Valley Elec Assn Inc,AK,Cooperative,552.949,224.609,48162.0,2.4618292232279204,5.472333333333332
963,Atlantic City Electric Co,NJ,Investor Owned,123.0,50.0,570952.0,2.46,1.2166666666666666
3660,PUD No 1 of Clark County - (WA),WA,Political Subdivision,144.79,59.0,233669.0,2.454067796610169,1.4298333333333333
17839,City of Springfield - (OR),OR,Municipal,28.209,11.615,33147.0,2.4286698235040896,0.2765666666666667
17564,South Kentucky Rural E C C,KY,Cooperative,728.9,301.9,72517.0,2.4143756210665783,7.116666666666666
12929,South Central Indiana REMC,IN,Cooperative,741.5,307.2,35684.0,2.413736979166667,7.238333333333333
14246,City of Owatonna - (MN),MN,Municipal,65.625,27.215,12489.0,2.4113540327025538,0.6401666666666667
16181,Rochester Public Utilities,MN,Municipal,102.076,42.838,60557.0,2.3828376674914793,0.9872999999999998
10005,"Evergy Kansas South, Inc",KS,Investor Owned,206.27,87.12,344853.0,2.367653810835629,1.9858333333333333
9292,Inter County Energy Coop Corp - (KY),KY,Cooperative,276.66,116.93,28393.0,2.3660309586932353,2.662166666666667
66073,MPD Electric Cooperative,SC,Cooperative,212.921,90.16,38491.0,2.3615905057675244,2.0460166666666666
7096,City of Geneva- (IL),IL,Municipal,196.471,83.204,10153.0,2.361316763617134,1.8877833333333336
19558,Homer Electric Assn Inc,AK,Cooperative,606.53,256.88,33405.0,2.361141388975397,5.8275
4622,"Cumberland Valley Electric, Inc.",KY,Cooperative,1178.6,503.2,24367.0,2.3422098569157392,11.256666666666664
16196,Rock Energy Cooperative,WI,Cooperative,87.78,37.51,7640.0,2.340175953079179,0.8378333333333334
15023,Piedmont Electric Member Corp,NC,Cooperative,397.776,170.483,34479.0,2.333229706187714,3.7882166666666666
7548,PUD No 1 of Grays Harbor County,WA,Political Subdivision,471.0,202.0,45710.0,2.3316831683168315,4.483333333333333
18019,Stearns Cooperative Elec Assn,MN,Cooperative,132.623,56.899,28745.0,2.330849399813705,1.2620666666666664
20065,Walton Electric Member Corp,GA,Cooperative,392.52,168.48,140132.0,2.32977207977208,3.734
9964,Kenergy Corp,KY,Cooperative,369.35,158.87,59433.0,2.32485680115818,3.5080000000000005
14468,People's Cooperative Services,MN,Cooperative,131.6,56.64,23916.0,2.3234463276836155,1.2493333333333332
230,Albany Utility Board,GA,Municipal,290.941,125.291,32244.0,2.3221220997517777,2.760833333333333
10603,"Laclede Electric Coop, Inc",MO,Cooperative,363.35,157.16,38978.0,2.3119750572664803,3.4365000000000006
1763,"Black River Electric Coop, Inc - (SC)",SC,Cooperative,228.0,99.0,34494.0,2.303030303030303,2.15
8034,Hancock-Wood Electric Coop Inc,OH,Cooperative,80.38,34.99,13523.0,2.297227779365533,0.7564999999999998
19396,Tri-County Electric Coop (MI),MI,Cooperative,239.0,105.0,27230.0,2.276190476190476,2.2333333333333334
19162,Tri-County Elec Member Corp (TN),KY,Cooperative,374.59,166.73,26135.0,2.246686259221496,3.4643333333333333
1769,"Black Hills Electric Coop, Inc",SD,Cooperative,228.71,102.04,11305.0,2.241375931007448,2.1111666666666666
15473,Public Service Co of NM,NM,Investor Owned,278.72,124.45,553313.0,2.239614302932905,2.5711666666666675
7174,Gibson Electric Members Corp,TN,Cooperative,312.0,140.15,39835.0,2.226186229040314,2.8641666666666667
15466,Public Service Co of Colorado,CO,Investor Owned,351.67,158.01,1523795.0,2.225618631732169,3.227666666666667
17534,"South Alabama Elec Coop, Inc",AL,Cooperative,288.005,129.562,17707.0,2.2229125823929854,2.6407166666666666
5605,Eastern Iowa Light & Power Coop,IA,Cooperative,220.0,99.0,24124.0,2.2222222222222223,2.0166666666666666
11291,Lumbee River Elec Member Corp,NC,Cooperative,282.634,127.62,66700.0,2.214652875724808,2.583566666666667
16609,San Diego Gas & Electric Co,CA,Investor Owned,157.23,71.13,1527274.0,2.21045972163644,1.4349999999999998
13936,Oakdale Electric Coop,WI,Cooperative,148.5,67.2,18055.0,2.2098214285714284,1.355
20785,City of Wilson - (NC),NC,Municipal,123.06,55.733,37861.0,2.208027559973445,1.1221166666666667
4848,Daviess Martin County R E M C,IN,Cooperative,547.388,248.655,8616.0,2.201395507832137,4.978883333333334
14289,Ozarks Electric Coop Corp - (AR),AR,Cooperative,182.32,83.2,78322.0,2.191346153846154,1.652
12377,Midwest Energy Cooperative - (MI),MI,Cooperative,586.6,268.1,36114.0,2.1879895561357703,5.308333333333334
9665,Jasper County Rural E M C,IN,Cooperative,196.085,89.908,9793.0,2.1809516394536637,1.7696166666666668
11701,City of Marquette - (MI),MI,Municipal,222.85,102.68,17174.0,2.170335021425789,2.0028333333333332
6443,"Florida Keys El Coop Assn, Inc",FL,Cooperative,50.447,23.268,34724.0,2.168084923500086,0.45298333333333335
19578,Upper Peninsula Power Company,MI,Investor Owned,404.3,186.8,58835.0,2.1643468950749463,3.625
6169,Fall River Rural Elec Coop Inc,MT,Cooperative,16.53,7.66,2080.0,2.157963446475196,0.14783333333333334
19219,Diverse Power Incorporated,GA,Cooperative,233.864,108.62,36727.0,2.153047320935371,2.0874
17671,Southwest Arkansas E C C,AR,Cooperative,408.624,190.425,29417.0,2.145852697912564,3.6366500000000004
10668,Licking Rural Electric Inc,OH,Cooperative,242.5,113.4,27729.0,2.138447971781305,2.1516666666666664
17066,Shenandoah Valley Elec Coop,VA,Cooperative,480.8,225.9,99837.0,2.128375387339531,4.248333333333333
5574,East Central Energy,MN,Cooperative,178.4,84.0,67713.0,2.123809523809524,1.5733333333333335
18429,City of Tacoma - (WA),WA,Municipal,170.78,80.45,179969.0,2.1228091982597888,1.5055
1283,Bartholomew County Rural E M C,IN,Cooperative,177.84,84.16,12123.0,2.1131178707224336,1.5613333333333335
17832,Snapping Shoals El Member Corp,GA,Cooperative,219.055,103.959,108665.0,2.107128771919699,1.9182666666666668
2409,Brownsville Public Utilities Board,TX,Municipal,160.78,76.307,55884.0,2.107015083806204,1.4078833333333334
19325,Umatilla Electric Coop Assn,OR,Cooperative,208.426,99.057,19473.0,2.1041016788313796,1.8228166666666665
17683,Southwest Mississippi E P A,MS,Cooperative,3672.1,1750.4,25416.0,2.0978633455210236,32.02833333333333
4442,PUD No 1 of Cowlitz County,WA,Political Subdivision,262.887,125.598,54257.0,2.0930826923995607,2.28815
3249,Central Hudson Gas & Elec Corp,NY,Investor Owned,349.5,167.2,321537.0,2.0903110047846893,3.0383333333333336
3046,Duke Energy Progress - (NC),SC,Investor Owned,262.63,125.7,177876.0,2.0893396976929197,2.282166666666667
554,City of Ames - (IA),IA,Municipal,39.16,18.76,27592.0,2.087420042643923,0.3399999999999999
12685,Entergy Mississippi LLC,MS,Investor Owned,692.3,331.8,465518.0,2.0864978902953584,6.008333333333332
6182,"Farmers Electric Coop, Inc - (TX)",TX,Cooperative,134.728,64.87,90402.0,2.0768922460305226,1.1643000000000001
22822,Clark County Rural E M C - (IN),IN,Cooperative,117.458,56.83,28260.0,2.066830899172972,1.0104666666666666
4176,Connecticut Light & Power Co,CT,Investor Owned,158.8,76.9,1326461.0,2.0650195058517555,1.365
3704,City of Clarksville - (TN),TN,Municipal,205.07,99.45,85314.0,2.062041226747109,1.760333333333333
16146,"Navasota Valley Elec Coop, Inc",TX,Cooperative,1743.11,846.86,21615.0,2.058321328200647,14.937499999999998
14354,PacifiCorp,WA,Investor Owned,209.35,101.99,138254.0,2.052652220805961,1.7893333333333332
13998,Ohio Edison Co,OH,Investor Owned,233.75,113.96,1067091.0,2.0511583011583014,1.9965000000000002
4362,Corn Belt Energy Corporation,IL,Cooperative,311.6,152.0,37191.0,2.0500000000000003,2.6600000000000006
9999,Kankakee Valley Rural E M C,IN,Cooperative,678.9,331.9,21675.0,2.045495631214221,5.783333333333333
14354,PacifiCorp,ID,Investor Owned,264.6,129.44,89035.0,2.044190358467244,2.2526666666666673
3478,Cimarron Electric Coop,OK,Cooperative,79.6,39.1,19779.0,2.0358056265984654,0.6749999999999999
60839,Southern Pioneer Electric Company,KS,Cooperative,160.91,79.1,17023.0,2.0342604298356513,1.3635
12199,Montana-Dakota Utilities Co,MT,Investor Owned,360.35,177.16,26559.0,2.0340370286746445,3.0531666666666673
12341,MidAmerican Energy Co,IL,Investor Owned,352.0,174.0,85293.0,2.0229885057471266,2.966666666666667
11560,City of Manassas - (VA),VA,Municipal,55.707,27.619,16625.0,2.0169810637604546,0.46813333333333335
1167,Baltimore Gas & Electric Co,MD,Investor Owned,133.482,66.657,1341009.0,2.0025203654529906,1.11375
9996,City of Kansas City - (KS),KS,Municipal,362.138,181.366,66122.0,1.9967248547136727,3.012866666666666
10697,Lake Country Power,MN,Cooperative,372.51,187.75,51383.0,1.984074567243675,3.079333333333333
15748,Town of Reading - (MA),MA,Municipal,46.02,23.24,32638.0,1.9802065404475047,0.37966666666666676
10448,Kosciusko County Rural E M C,IN,Cooperative,291.47,147.22,18726.0,1.9798261105828014,2.4041666666666672
12825,NorthWestern Energy LLC - (MT),MT,Investor Owned,233.438,117.949,376392.0,1.9791435281350414,1.9248166666666664
8447,Hendricks County Rural E M C,IN,Cooperative,107.1,54.4,38702.0,1.96875,0.8783333333333333
15671,Randolph Electric Member Corp,NC,Cooperative,224.155,114.247,34054.0,1.9620208845746496,1.8318
7785,"Gulf Coast Electric Coop, Inc",FL,Cooperative,828.147,422.535,21784.0,1.95994887997444,6.7602
7646,Greenwood CPW,SC,Municipal,65.78,33.58,11940.0,1.9589041095890412,0.5366666666666667
15138,"Platte-Clay Electric Coop, Inc",MO,Cooperative,103.14,53.09,25075.0,1.9427387455264644,0.8341666666666666
19840,"Valley Electric Assn, Inc",NV,Cooperative,84.98,43.77,24146.0,1.9415124514507653,0.6868333333333333
1892,"Bluebonnet Electric Coop, Inc",TX,Cooperative,227.235,117.151,132597.0,1.939676144463129,1.8347333333333335
12186,McMinnville Electric System,TN,Municipal,30.74,15.858,8284.0,1.9384537772733004,0.2480333333333333
20413,Mountrail-Williams Elec Coop,ND,Cooperative,282.33,146.81,19103.0,1.9230978816156936,2.258666666666666
20996,Wright-Hennepin Coop Elec Assn,MN,Cooperative,45.35,23.65,56021.0,1.9175475687103596,0.3616666666666667
15344,Polk-Burnett Electric Coop,WI,Cooperative,95.23,49.84,22144.0,1.9107142857142856,0.7565000000000001
6708,City of Frankfort - (KY),KY,Municipal,38.182,20.026,22336.0,1.906621392190153,0.30260000000000004
14232,Otter Tail Power Co,SD,Investor Owned,134.71,70.78,11930.0,1.9032212489403788,1.0655000000000001
1251,Barron Electric Coop,WI,Cooperative,275.383,145.223,19756.0,1.8962767605682294,2.169333333333333
38084,Great Lakes Energy Coop,MI,Cooperative,484.37,256.28,131998.0,1.8900031215857658,3.8015000000000003
9726,Jersey Central Power & Lt Co,NJ,Investor Owned,481.12,254.75,1147443.0,1.8885966633954858,3.7728333333333333
4432,Coweta-Fayette El Member Corp,GA,Cooperative,218.402,115.921,89116.0,1.8840589711959004,1.7080166666666663
12642,Maquoketa Valley Rrl Elec Coop,IA,Cooperative,133.54,70.89,17236.0,1.8837635773733952,1.0441666666666665
5860,Empire District Electric Co,KS,Investor Owned,167.5,89.51,10232.0,1.8712992961680257,1.2998333333333332
5027,Delmarva Power,DE,Investor Owned,127.0,68.0,337507.0,1.8676470588235294,0.9833333333333333
56697,Ameren Illinois Company,IL,Investor Owned,223.9,120.6,1249900.0,1.8565505804311775,1.721666666666667
14328,Pacific Gas & Electric Co.,CA,Investor Owned,509.3,275.6,5795693.0,1.8479680696661827,3.895
12796,Monongahela Power Co,WV,Investor Owned,851.75,461.55,390918.0,1.8454121980283826,6.503333333333333
11135,City of Logan - (UT),UT,Municipal,39.338,21.318,21774.0,1.8452950558213714,0.30033333333333334
19390,"UGI Utilities, Inc",PA,Investor Owned,182.0,99.0,62634.0,1.8383838383838385,1.3833333333333333
3226,"Central Rural Electric Cooperative, Inc",OK,Cooperative,198.728,108.466,24360.0,1.8321686058303988,1.5043666666666669
3413,PUD No 1 of Chelan County,WA,Political Subdivision,174.05,95.23,51143.0,1.8276803528299905,1.3136666666666668
66101,FirstEnergy Pennsylvania Electric Co,PA,Investor Owned,402.64,220.51,2076402.0,1.8259489365561652,3.0355
10421,Knoxville Utilities Board,TN,Municipal,352.0,193.0,220632.0,1.8238341968911918,2.65
16060,Riverland Energy Cooperative,WI,Cooperative,261.78,143.59,20060.0,1.8231074587366807,1.9698333333333329
6235,Fayetteville Public Works Commission,NC,Municipal,129.263,70.929,83310.0,1.8224280618646815,0.9722333333333334
5930,Village of Fairport - (NY),NY,Municipal,36.565,20.211,17955.0,1.8091633269011924,0.2725666666666667
19189,Trico Electric Cooperative Inc,AZ,Cooperative,150.15,83.17,54860.0,1.805338463388241,1.1163333333333334
3287,"Central Valley Elec Coop, Inc",NM,Cooperative,352.5,195.947,15106.0,1.7989558400996188,2.6092166666666667
27222,City of Ripley - (TN),TN,Municipal,88.89,49.48,6403.0,1.7964834276475345,0.6568333333333334
9699,"Jemez Mountains Elec Coop, Inc",NM,Cooperative,1876.735,1044.847,25345.9,1.7961816419054655,13.864799999999999
13647,Noble County R E M C,IN,Cooperative,135.9,75.9,11685.0,1.7905138339920947,1.0
4237,Consolidated Electric Coop,MO,Cooperative,183.99,103.56,8312.0,1.7766512166859791,1.3405
4068,City of Columbus - (MS),MS,Municipal,52.89,29.85,12752.0,1.771859296482412,0.384
20510,"Wheatland Electric Coop, Inc",KS,Cooperative,219.55,124.32,32350.0,1.7660070785070787,1.587166666666667
20841,"Wiregrass Electric Coop, Inc",AL,Cooperative,194.91,110.865,26570.0,1.7580841564064402,1.40075
13418,City of New Braunfels - (TX),TX,Municipal,76.372,43.464,57122.0,1.7571323394073257,0.5484666666666667
9601,Jackson Electric Member Corp - (GA),GA,Cooperative,129.37,73.94,268760.0,1.7496618880173114,0.9238333333333334
11740,City of Marshfield - (WI),WI,Municipal,35.7,20.411,13908.0,1.749056881093528,0.2548166666666667
6782,Freeborn Mower Electric Cooperative,MN,Cooperative,86.4,49.5,21302.0,1.7454545454545456,0.6150000000000001
10071,Kauai Island Utility Cooperative,HI,Cooperative,382.59,219.33,35232.0,1.7443578169881,2.720999999999999
13050,"Mountain Parks Electric, Inc",CO,Cooperative,148.7,85.4,22847.0,1.7412177985948476,1.0549999999999997
9324,Indiana Michigan Power Co,MI,Investor Owned,359.0,206.7,132049.0,1.73681664247702,2.5383333333333336
19108,Tideland Electric Member Corp,NC,Cooperative,268.061,154.359,24062.0,1.73660751883596,1.895033333333333
16223,City of Rockwood - (TN),TN,Municipal,323.652,187.101,15267.0,1.7298250677441596,2.2758499999999997
17692,Southwest Public Power Dist,NE,Political Subdivision,208.36,120.52,6294.0,1.7288416860272156,1.4640000000000002
15048,Electrical Dist No2 Pinal County,AZ,Political Subdivision,53.21,30.89,6943.0,1.722563936549045,0.372
14006,Ohio Power Co,OH,Investor Owned,272.2,158.1,1535393.0,1.7216951296647691,1.9016666666666666
22815,Delta Electric Power Assn,MS,Cooperative,722.1,419.49,28999.0,1.7213759565186297,5.0435
3647,City of Claremore,OK,Municipal,178.817,103.901,13327.0,1.7210325213424318,1.2486000000000002
3916,Cobb Electric Membership Corp,GA,Cooperative,60.41,35.12,218807.0,1.7201025056947608,0.4215
3600,Citizens Electric Corporation - (MO),MO,Cooperative,145.606,84.786,27830.0,1.7173354091477366,1.0136666666666665
13214,The Narragansett Electric Co,RI,Investor Owned,104.25,60.79,509231.0,1.7149202171409772,0.7243333333333334
14839,City of Peru - (IN),IN,Municipal,58.88,34.36,10689.0,1.7136204889406288,0.40866666666666673
5399,Duck River Elec Member Corp,TN,Cooperative,276.082,161.423,84585.0,1.71030150598118,1.9109833333333333
4683,City of Cuyahoga Falls - (OH),OH,Municipal,75.71,44.27,26783.0,1.710187485882087,0.5239999999999998
4327,Coosa Valley Electric Coop Inc,AL,Cooperative,263.9,154.71,18340.0,1.7057720897162432,1.8198333333333327
13780,Northern States Power Co,WI,Investor Owned,208.55,122.37,260234.0,1.7042575794720929,1.4363333333333335
8055,City of Hannibal - (MO),MO,Municipal,58.92,34.62,8692.0,1.7019064124783363,0.4050000000000001
40438,Columbia River Peoples Ut Dist,OR,Political Subdivision,92.782,54.537,20817.0,1.7012670297229404,0.6374166666666666
17718,Southwestern Public Service Co,TX,Investor Owned,197.43,116.21,268277.0,1.6989071508476037,1.3536666666666668
5598,East Central Oklahoma Elec Coop Inc,OK,Cooperative,286.045,169.509,37090.0,1.687491519624327,1.9422666666666673
19156,Powder River Energy Corp,WY,Cooperative,496.45,295.19,27532.0,1.6817981638944408,3.3543333333333334
5204,Dixie Electric Coop - (AL),AL,Cooperative,331.883,197.829,26116.5,1.6776256261720979,2.234233333333333
3522,Chugach Electric Assn Inc,AK,Cooperative,209.045,124.615,113704.0,1.6775267824900695,1.4071666666666665
4577,Crow Wing Cooperative Power & Light Comp,MN,Cooperative,122.75,73.787,47712.0,1.6635721739601825,0.8160499999999999
24211,Tucson Electric Power Co,AZ,Investor Owned,113.246,68.355,455579.0,1.656733230926779,0.7481833333333332
4063,Co-Mo Electric Coop Inc,MO,Cooperative,122.3,74.0,33686.0,1.6527027027027026,0.8049999999999999
12782,City of Monett - (MO),MO,Municipal,62.42,37.84,4984.0,1.6495771670190273,0.4096666666666666
5086,Delta Montrose Electric Assn,CO,Cooperative,157.826,96.003,37555.0,1.6439694592877305,1.0303833333333332
5860,Empire District Electric Co,MO,Investor Owned,230.54,141.48,166833.0,1.6294882668928472,1.4843333333333333
5078,"Denton County Elec Coop, Inc",TX,Cooperative,43.8,26.9,319523.0,1.6282527881040891,0.2816666666666666
15474,Public Service Co of Oklahoma,OK,Investor Owned,188.5,116.7,579031.0,1.6152527849185947,1.1966666666666665
814,Entergy Arkansas LLC,AR,Investor Owned,370.0,229.4,742597.0,1.6129032258064515,2.3433333333333333
40606,City of Grand Island - (NE),NE,Municipal,12.222,7.584,27115.0,1.6115506329113924,0.0773
9324,Indiana Michigan Power Co,IN,Investor Owned,156.7,97.5,481996.0,1.607179487179487,0.9866666666666665
4262,Cooke County Elec Coop Assn,TX,Cooperative,288.61,179.93,18299.0,1.6040126715945089,1.8113333333333335
5509,City of Dyersburg,TN,Municipal,26.34,16.43,11985.0,1.603164942178941,0.16516666666666666
7450,Grady Electric Membership Corp,GA,Cooperative,921.192,574.627,20210.5,1.6031129758956681,5.776083333333334
40228,Rappahannock Electric Coop,VA,Cooperative,301.03,188.57,180578.0,1.5963833059341357,1.874333333333333
1891,Blue Ridge Mountain EMC - (GA),GA,Cooperative,588.503,369.367,58442.0,1.593274439784821,3.652266666666667
13481,City of New Richmond,WI,Municipal,51.04,32.05,5479.0,1.592511700468019,0.31650000000000006
12524,Midwest Energy Inc - (KS),KS,Cooperative,433.8,272.4,50530.0,1.5925110132158593,2.6900000000000004
9668,"Jasper-Newton Elec Coop, Inc",TX,Cooperative,2401.88,1511.75,23787.8,1.5888076732263934,14.835500000000001
18085,South Central Power Company,OH,Cooperative,319.821,201.33,126148.0,1.5885412010132618,1.9748500000000002
3248,Central Georgia El Member Corp,GA,Cooperative,128.155,80.848,65046.0,1.5851350682762715,0.78845
17874,City of St George,UT,Municipal,30.034,18.955,33533.0,1.5844895805855976,0.18465
4401,"Cotton Electric Coop, Inc",OK,Cooperative,355.62,224.67,23594.0,1.5828548537855522,2.1825
14455,City of Paris - (TN),TN,Municipal,484.966,306.911,22766.0,1.5801519007138878,2.9675833333333332
14251,Owen Electric Coop Inc,KY,Cooperative,199.53,126.29,66763.0,1.5799350700768073,1.2206666666666666
17609,Southern California Edison Co,CA,Investor Owned,158.299,100.246,5316264.0,1.579105400714243,0.9675500000000002
18498,Taylor County Rural E C C,KY,Cooperative,232.41,147.32,28281.0,1.5775862068965518,1.4181666666666668
11586,Town of Mansfield - (MA),MA,Municipal,15.692,9.961,10504.0,1.5753438409798213,0.09551666666666667
19436,Union Electric Co - (MO),MO,Investor Owned,148.0,94.0,1283126.0,1.574468085106383,0.9
13781,Northern States Power Co - Minnesota,SD,Investor Owned,100.14,63.63,104471.0,1.5737859500235738,0.6084999999999999
17612,Bear Valley Electric Service,CA,Investor Owned,101.0,64.2,24837.0,1.5732087227414329,0.6133333333333333
19898,Volunteer Electric Coop,TN,Cooperative,684.8,435.7,128556.0,1.5717236630709204,4.151666666666666
14563,Pearl River Valley El Pwr Assn,MS,Cooperative,371.807,238.174,53555.0,1.561072997052575,2.2272166666666666
5070,Delaware Electric Cooperative,DE,Cooperative,95.669,61.33,117394.0,1.5599054296429153,0.5723166666666667
1708,Big Sandy Rural Elec Coop Corp,KY,Cooperative,814.826,527.264,12595.0,1.5453852339624932,4.7927
18203,Tallapoosa River Elec Coop Inc,AL,Cooperative,377.686,244.647,30542.0,1.54379984222165,2.2173166666666666
30518,Electrical Dist No3 Pinal County,AZ,Political Subdivision,132.41,85.87,34000.0,1.54198206591359,0.7756666666666665
232,City of Albemarle - (NC),NC,Municipal,40.95,26.56,12505.0,1.541792168674699,0.2398333333333334
19981,Wake Electric Membership Corp,NC,Cooperative,165.5,108.0,56238.0,1.5324074074074074,0.9583333333333334
3278,AEP Texas Central Company,TX,Investor Owned,228.5,149.6,913164.0,1.5274064171122996,1.3150000000000002
13640,Northern Virginia Elec Coop,VA,Cooperative,94.632,62.352,177139.0,1.5177059276366438,0.5380000000000001
7752,Guadalupe Valley Elec Coop Inc,TX,Cooperative,200.22,131.94,103579.0,1.5175079581628013,1.1380000000000001
18181,City of Stoughton - (WI),WI,Municipal,56.255,37.141,9317.0,1.5146334239788914,0.3185666666666667
6411,Flint Electric Membership Corp,GA,Cooperative,157.62,104.2,95179.0,1.5126679462571977,0.8903333333333333
12686,Mississippi Power Co,MS,Investor Owned,124.2,82.19,191210.0,1.511132741209393,0.7001666666666667
19281,Turlock Irrigation District,CA,Political Subdivision,74.0,49.0,90557.0,1.510204081632653,0.4166666666666667
12546,Mille Lacs Energy Cooperative,MN,Cooperative,237.32,157.24,15976.0,1.5092851691681504,1.3346666666666664
2089,Bozrah Light & Power Company,CT,Municipal,277.87,184.12,2791.0,1.5091787964371062,1.5625
13716,North Georgia Elec Member Corp,GA,Cooperative,274.09,182.51,104699.0,1.5017807243438714,1.526333333333333
17047,City of Shelbyville - (TN),TN,Municipal,24.833,16.583,11746.0,1.4974974371344147,0.1375
57483,Liberty Utilities,CA,Investor Owned,742.75,496.17,50151.0,1.496966765423141,4.109666666666667
3107,Carteret-Craven El Member Corp,NC,Cooperative,104.452,69.79,42647.2,1.496661412809858,0.5776999999999999
3222,Central Alabama Electric Coop,AL,Cooperative,295.88,197.83,47145.0,1.495627559015316,1.6341666666666663
9331,Intercounty Electric Coop Assn - (MO),MO,Cooperative,268.951,180.029,31988.0,1.4939315332529761,1.4820333333333338
10454,Kootenai Electric Cooperative,ID,Cooperative,186.773,125.038,34499.0,1.493729906108543,1.0289166666666667
12395,Menard Electric Coop,IL,Cooperative,168.73,113.152,11141.0,1.4911800056561084,0.9262999999999998
19157,MiEnergy Cooperative,MN,Cooperative,101.217,67.965,16317.0,1.4892518207901124,0.5541999999999999
20363,West Central Electric Coop Inc - (MO),MO,Cooperative,167.89,113.586,15446.0,1.478087088197489,0.9050666666666665
11804,Massachusetts Electric Co,MA,Investor Owned,133.74,90.72,1345044.0,1.4742063492063493,0.7170000000000002
5609,Eastern Maine Electric Coop,ME,Cooperative,1084.55,737.192,13213.0,1.471190680311235,5.789299999999999
3812,City of Clinton - (TN),TN,Municipal,264.0,180.0,31000.0,1.4666666666666666,1.4
25177,Dakota Electric Association,MN,Cooperative,25.45,17.4,116395.0,1.4626436781609196,0.13416666666666668
817,Arkansas Valley Elec Coop Corp,OK,Cooperative,200.2,137.04,4729.0,1.460887332165791,1.0526666666666666
12651,Minnesota Valley Electric Coop,MN,Cooperative,61.0,41.9,47453.0,1.4558472553699284,0.31833333333333336
6342,First Electric Coop Corp,AR,Cooperative,277.783,190.846,102478.0,1.4555348291292456,1.4489500000000002
15202,City of Ponca City - (OK),OK,Municipal,144.243,99.47,15876.0,1.450115612747562,0.7462166666666666
21538,"Mohave Electric Cooperative, Inc.",AZ,Cooperative,170.8,117.8,45123.0,1.4499151103565366,0.8833333333333335
28604,Kerrville Public Utility Board,TX,Municipal,26.786,18.583,24230.0,1.4414249582952163,0.1367166666666667
13780,Northern States Power Co,MI,Investor Owned,166.32,115.47,8923.0,1.4403741231488698,0.8474999999999999
17252,Singing River Elec Cooperative,MS,Cooperative,243.34,169.16,79693.9,1.4385197446204776,1.2363333333333335
16949,Sevier County Electric System,TN,Municipal,330.0,230.0,62436.0,1.434782608695652,1.6666666666666667
4265,Continental Divide El Coop Inc,NM,Cooperative,299.5,209.0,23612.0,1.4330143540669857,1.5083333333333333
17592,Southeast Colorado Power Assn,CO,Cooperative,674.8,472.1,10994.0,1.429358186824825,3.378333333333332
10170,"Kiamichi Electric Coop, Inc",OK,Cooperative,473.2,331.22,23013.0,1.428657689753034,2.3663333333333325
24889,Brunswick Electric Member Corp,NC,Cooperative,44.497,31.153,112592.0,1.4283375597855745,0.22240000000000001
19446,Duke Energy Kentucky,KY,Investor Owned,130.58,91.53,152297.0,1.4266360756036274,0.6508333333333335
15141,Plateau Electric Cooperative,TN,Cooperative,95.46,66.97,18207.0,1.425414364640884,0.4748333333333333
16057,"Rio Grande Electric Coop, Inc",TX,Cooperative,332.02,233.363,15321.0,1.4227619631218316,1.644283333333333
5578,East Mississippi Elec Pwr Assn,MS,Cooperative,663.0,468.0,12945.0,1.4166666666666667,3.25
13407,Nevada Power Co,NV,Investor Owned,72.99,51.58,1093488.0,1.415083365645599,0.3568333333333333
6234,City of Fayetteville,TN,Municipal,217.269,153.82,19575.0,1.4124886230659213,1.0574833333333336
5027,Delmarva Power,MD,Investor Owned,79.0,56.0,214087.0,1.4107142857142858,0.38333333333333336
15270,Potomac Electric Power Co,MD,Investor Owned,65.478,46.445,600103.0,1.4097965335342877,0.3172166666666666
1273,"Bartlett Electric Coop, Inc",TX,Cooperative,190.921,135.887,15253.0,1.4049982706219137,0.9172333333333332
18305,Sumter Electric Member Corp,GA,Cooperative,218.1,155.4,21500.0,1.4034749034749034,1.0449999999999997
3989,City of Colorado Springs - (CO),CO,Municipal,62.74,44.76,256580.0,1.401697944593387,0.29966666666666675
19266,Tullahoma Board-Public Utils,TN,Municipal,55.951,39.95,11215.0,1.4005256570713391,0.2666833333333333
9475,Itasca-Mantrap Co-op Electrical Assn,MN,Cooperative,149.35,106.66,12594.0,1.4002437652353272,0.7114999999999999
3940,City of College Station - (TX),TX,Municipal,22.8,16.3,45821.0,1.3987730061349692,0.10833333333333334
10378,"Kit Carson Electric Coop, Inc",NM,Cooperative,185.07,132.48,30420.0,1.396965579710145,0.8765000000000001
9576,Jackson County Rural E M C - (IN),IN,Cooperative,249.03,178.71,25198.0,1.3934866543562194,1.172
3828,Cloverland Electric Co-op,MI,Cooperative,534.7,384.6,44447.0,1.390275611024441,2.501666666666667
8699,Inland Power & Light Company,WA,Cooperative,386.0,278.0,48046.0,1.3884892086330936,1.8
8179,Harrison County Rural E M C,IN,Cooperative,213.906,154.152,24725.0,1.3876303907831233,0.9959000000000003
4430,"Covington Electric Coop, Inc",AL,Cooperative,178.805,129.089,24683.0,1.3851296392411439,0.8286000000000001
5585,Eastern Illinois Elec Coop,IL,Cooperative,268.0,194.4,13503.0,1.3786008230452675,1.2266666666666666
19806,"Victoria Electric Coop, Inc",TX,Cooperative,267.07,194.6,24936.0,1.3724049331963002,1.2078333333333333
5656,Edgecombe-Martin County E M C,NC,Cooperative,113.372,83.127,11755.0,1.3638408699941056,0.5040833333333334
20169,Avista Corp,ID,Investor Owned,225.0,165.0,145203.0,1.3636363636363635,1.0
9750,"Jo-Carroll Energy, Inc",IL,Cooperative,66.55,48.868,20356.0,1.3618318736187278,0.2946999999999999
12745,Modesto Irrigation District,CA,Political Subdivision,58.16,42.8,120484.0,1.3588785046728973,0.256
20169,Avista Corp,WA,Investor Owned,152.0,112.0,270134.0,1.3571428571428572,0.6666666666666666
15054,"Pioneer Rural Elec Coop, Inc - (OH)",OH,Cooperative,126.9,93.7,17751.0,1.3543223052294557,0.5533333333333333
16865,Sawnee Electric Membership Corporation,GA,Cooperative,61.8,45.7,200598.0,1.3522975929978116,0.26833333333333326
1579,PUD No 1 of Benton County,WA,Political Subdivision,52.9,39.5,56863.0,1.339240506329114,0.2233333333333333
27238,"Southwest Electric Coop, Inc",MO,Cooperative,246.01,183.71,44496.0,1.33912144140221,1.038333333333333
14275,City of Oxford - (MS),MS,Municipal,46.89,35.28,10497.0,1.3290816326530612,0.19349999999999998
13058,"Mountain View Elec Assn, Inc",CO,Cooperative,55.602,41.972,63853.0,1.3247403030591822,0.2271666666666666
3758,City of Cleveland - (TN),TN,Municipal,61.168,46.316,34449.0,1.3206667242421624,0.24753333333333327
14268,City of Owensboro - (KY),KY,Municipal,149.087,113.093,27519.0,1.318269035218802,0.5998999999999998
15073,"Pioneer Electric Coop, Inc - (KS)",KS,Cooperative,197.68,150.01,16212.0,1.3177788147456837,0.7945000000000003
14232,Otter Tail Power Co,ND,Investor Owned,170.73,129.6,59761.0,1.317361111111111,0.6854999999999999
4524,"Crawford Electric Coop, Inc",MO,Cooperative,356.3,270.8,21693.0,1.3157311669128509,1.425
12260,Mecklenburg Electric Cooperative,VA,Cooperative,360.245,273.828,31997.0,1.3155886176724076,1.4402833333333338
16368,Runestone Electric Assn,MN,Cooperative,68.34,51.96,15225.0,1.3152424942263279,0.273
2008,City of Boulder City - (NV),NV,Municipal,10.53,8.03,8201.0,1.3113325031133252,0.041666666666666664
2652,Butler County Rural Elec Coop - (IA),IA,Cooperative,85.668,65.582,5110.0,1.3062730627306276,0.3347666666666669
9246,"Indian Electric Coop, Inc",OK,Cooperative,83.636,64.107,20643.0,1.3046313195126897,0.3254833333333333
5417,Dunn County Electric Coop,WI,Cooperative,109.64,84.06,10601.0,1.3043064477753985,0.4263333333333333
27369,Taylor Electric Coop Inc - (TX),TX,Cooperative,371.032,284.632,20932.0,1.303549846819753,1.4399999999999997
5661,City of Edmond - (OK),OK,Municipal,106.929,82.033,44461.0,1.3034876208355175,0.4149333333333333
3081,Carroll Electric Member Corp - (GA),GA,Cooperative,159.02,122.72,56189.0,1.2957953063885268,0.6050000000000002
1723,"Big Bend Electric Coop, Inc",WA,Cooperative,248.41,191.771,9477.0,1.2953470545598658,0.9439833333333335
20927,"Wood County Electric Coop, Inc",TX,Cooperative,1362.26,1051.87,41521.0,1.2950839932691303,5.173166666666669
16655,City of Santa Clara - (CA),CA,Municipal,208.74,161.73,60620.0,1.2906696345761455,0.7835000000000003
17637,Southern Maryland Elec Coop Inc,MD,Cooperative,145.98,113.87,177329.0,1.2819882321946077,0.5351666666666665
17603,Southeastern Electric Coop Inc - (OK),OK,Cooperative,325.2,254.0,17416.0,1.2803149606299211,1.1866666666666665
11789,Maryville Utilities,TN,Municipal,78.589,61.622,22271.0,1.2753399759826036,0.28278333333333333
4939,"Deaf Smith Electric Coop, Inc",TX,Cooperative,285.2,223.7,15312.0,1.274921770227984,1.025
18940,Tipmont Rural Elec Member Corp,IN,Cooperative,145.32,114.13,30852.0,1.2732848506089547,0.5198333333333333
18997,The Toledo Edison Co,OH,Investor Owned,121.04,95.4,312806.0,1.268763102725367,0.42733333333333334
21244,"Southside Electric Coop, Inc",VA,Cooperative,392.057,309.201,59338.0,1.2679680854848463,1.3809333333333333
6169,Fall River Rural Elec Coop Inc,ID,Cooperative,8.59,6.78,18225.0,1.266961651917404,0.03016666666666666
10019,FreeState Electric Coop,KS,Cooperative,514.67,406.99,18992.0,1.2645765252217498,1.7946666666666657
14062,Oklahoma Electric Coop Inc,OK,Cooperative,89.1,70.7,64790.0,1.2602545968882601,0.30666666666666653
9191,Idaho Power Co,ID,Investor Owned,206.47,164.01,621746.0,1.2588866532528504,0.7076666666666668
21081,Yampa Valley Electric Assn Inc,CO,Cooperative,294.005,234.135,28698.0,1.2557071774830761,0.9978333333333335
19162,Tri-County Elec Member Corp (TN),TN,Cooperative,390.47,311.61,28886.0,1.2530727511954045,1.3143333333333336
10370,City of Kirkwood - (MO),MO,Municipal,167.155,134.013,10456.0,1.2473043659943437,0.5523666666666666
8786,Horry Electric Coop Inc,SC,Cooperative,133.415,107.57,95676.0,1.2402621548758948,0.43074999999999997
16226,City of Rocky Mount - (NC),NC,Municipal,86.79,70.03,29489.0,1.2393260031415108,0.27933333333333343
15270,Potomac Electric Power Co,DC,Investor Owned,32.582,26.363,342495.0,1.2358987975571825,0.10365000000000002
59013,PUD No 1 of Jefferson County,WA,Political Subdivision,522.3,424.0,21166.0,1.2318396226415094,1.6383333333333325
19502,"United Electric Co-op, Inc - (ID)",ID,Cooperative,49.67,40.33,7513.0,1.2315893875526904,0.15566666666666673
12801,City of Monroe - (NC),NC,Municipal,22.383,18.179,13288.0,1.2312558446559216,0.07006666666666668
1175,"Bandera Electric Coop, Inc",TX,Cooperative,75.893,61.662,41932.0,1.230790438195323,0.23718333333333336
1529,"Beltrami Electric Coop, Inc",MN,Cooperative,117.69,95.814,22150.0,1.2283173648944832,0.3646000000000001
12087,McKenzie Electric Coop Inc,ND,Cooperative,256.91,209.74,13546.0,1.2248974921331173,0.7861666666666669
6608,Fort Loudoun Electric Coop,TN,Cooperative,472.02,386.89,35442.0,1.2200367029388197,1.4188333333333332
54913,NSTAR Electric Company,MA,Investor Owned,80.6,66.1,1462127.0,1.2193645990922843,0.24166666666666667
8571,Town of High Point,NC,Municipal,78.6,64.62,47285.0,1.2163416898792943,0.23299999999999982
19159,"Tri-County Electric Coop, Inc (TX)",TX,Cooperative,134.6,110.8,151642.0,1.2148014440433212,0.3966666666666666
6957,"Garkane Energy Coop, Inc",UT,Cooperative,718.8,592.5,15911.0,1.2131645569620253,2.104999999999999
1015,Austin Energy,TX,Municipal,92.13,76.03,557039.0,1.211758516375115,0.26833333333333326
4041,"Columbia Rural Elec Assn, Inc",WA,Cooperative,258.5,213.9,6507.0,1.2085086489013557,0.7433333333333333
19728,"UNS Electric, Inc",AZ,Investor Owned,72.436,60.126,106739.0,1.2047367195556,0.20516666666666683
55982,Heart of Texas Electric Coop,TX,Cooperative,357.7,298.1,24317.0,1.1999329084199932,0.9933333333333327
7090,GreyStone Power Corporation,GA,Cooperative,113.97,94.99,149514.0,1.1998105063690916,0.3163333333333334
3503,"Choptank Electric Cooperative, Inc",MD,Cooperative,143.8,120.2,57047.0,1.1963394342762064,0.3933333333333335
4717,Dakota Valley Elec Coop Inc,ND,Cooperative,223.0,186.7,6963.0,1.194429566148902,0.6050000000000002
16604,City of San Antonio - (TX),TX,Municipal,73.808,61.797,938905.0,1.194362185866628,0.2001833333333335
10944,PUD No 1 of Lewis County,WA,Political Subdivision,721.634,604.745,35583.0,1.1932864265103473,1.9481500000000003
5309,City of Dothan - (AL),AL,Municipal,72.957,61.437,32172.0,1.1875091557204942,0.19199999999999992
16930,Sequachee Valley Electric Coop,TN,Cooperative,300.73,253.26,38000.0,1.187435836689568,0.7911666666666671
14170,Orcas Power & Light Coop,WA,Cooperative,252.3,212.5,15251.0,1.1872941176470588,0.6633333333333336
12470,Middle Tennessee E M C,TN,Cooperative,49.4,41.8,346813.0,1.1818181818181819,0.12666666666666668
16286,Rosebud Electric Coop Inc,SD,Cooperative,111.6,95.0,5621.0,1.174736842105263,0.27666666666666656
9191,Idaho Power Co,OR,Investor Owned,509.9,434.79,20146.0,1.1727500632489247,1.2518333333333327
16101,Roanoke Electric Member Corp,NC,Cooperative,126.558,107.994,13706.0,1.1718984388021558,0.3094000000000001
12293,City of Memphis - (TN),TN,Municipal,327.2,280.8,427658.0,1.1652421652421652,0.773333333333333
19157,MiEnergy Cooperative,IA,Cooperative,69.247,59.685,7262.0,1.1602077573929797,0.15936666666666663
17697,Southwestern Electric Coop Inc - (IL),IL,Cooperative,304.79,262.97,25284.0,1.159029547096627,0.6969999999999998
15477,Public Service Elec & Gas Co,NJ,Investor Owned,45.33,39.26,2534077.0,1.1546102903718798,0.10116666666666667
18022,City of Statesville - (NC),NC,Municipal,87.109,75.636,14805.0,1.1516870273414777,0.19121666666666665
3268,Central Missouri Elec Coop Inc,MO,Cooperative,95.4,83.3,11452.3,1.1452581032412967,0.2016666666666668
3892,City of Coffeyville - (KS),KS,Municipal,11.746,10.258,5739.0,1.145057516085007,0.024800000000000023
1325,City of Batavia - (IL),IL,Municipal,46.48,40.61,10737.0,1.1445456784043337,0.09783333333333329
13809,NorthWestern Energy - (SD),SD,Investor Owned,75.993,66.452,64209.0,1.143577318967074,0.1590166666666666
1009,City of Austin - (MN),MN,Municipal,8.25,7.22,11853.0,1.1426592797783934,0.01716666666666667
17718,Southwestern Public Service Co,NM,Investor Owned,152.2,135.46,118975.0,1.12357891628525,0.2789999999999997
27599,Carroll-White REMC,IN,Cooperative,423.1,376.6,15149.0,1.1234731810939989,0.775
3282,"Central Texas Elec Coop, Inc",TX,Cooperative,145.8,129.9,48298.0,1.1224018475750577,0.26500000000000007
8319,Heartland Power Coop,IA,Cooperative,78.019,70.082,5249.0,1.1132530464313235,0.13228333333333353
16196,Rock Energy Cooperative,IL,Cooperative,17.56,15.78,10558.0,1.1128010139416984,0.029666666666666657
18280,Sulphur Springs Valley E C Inc,AZ,Cooperative,138.27,124.66,54402.0,1.1091769613348308,0.22683333333333355
19579,Upshur Rural Elec Coop Corp,TX,Cooperative,1382.123,1248.559,50178.0,1.1069745202269177,2.226066666666668
16572,Salt River Project,AZ,Political Subdivision,58.05,52.81,1161925.0,1.0992236318878998,0.08733333333333325
14232,Otter Tail Power Co,MN,Investor Owned,154.96,141.67,63290.0,1.0938095574221784,0.22150000000000034
4509,Craighead Electric Coop Corp,AR,Cooperative,182.937,168.434,31555.0,1.086104943182493,0.2417166666666669
15263,The Potomac Edison Company,WV,Investor Owned,275.03,253.35,151701.0,1.0855733175448983,0.36133333333333295
6491,Foley Board of Utilities,AL,Municipal,69.62,64.359,56324.0,1.081744588946379,0.0876833333333335
14354,PacifiCorp,UT,Investor Owned,117.72,109.13,1030158.0,1.0787134610098048,0.14316666666666672
5148,City of Dickson,TN,Municipal,310.378,287.766,39146.0,1.0785777332971926,0.37686666666666613
803,Arizona Public Service Co,AZ,Investor Owned,87.2,80.86,1395614.0,1.0784071234232007,0.10566666666666673
17543,South Carolina Public Service Authority,SC,State,58.447,55.173,211845.0,1.0593406195059178,0.05456666666666668
12199,Montana-Dakota Utilities Co,ND,Investor Owned,83.13,78.54,98017.0,1.0584415584415583,0.07649999999999982
3855,Columbia Power System - (TN),TN,Municipal,174.289,164.808,36577.0,1.0575275472064463,0.15801666666666658
13693,"North Central Elec Coop, Inc - (OH)",OH,Cooperative,65.16,61.62,9745.0,1.0574488802336903,0.05899999999999998
20404,AEP Texas North Company,TX,Investor Owned,108.0,102.6,199119.0,1.0526315789473686,0.0900000000000001
15263,The Potomac Edison Company,MD,Investor Owned,167.58,159.26,284807.0,1.052241617480849,0.13866666666666702
11501,Magic Valley Electric Coop Inc,TX,Cooperative,122.04,116.03,145755.0,1.051796949064897,0.10016666666666675
20603,Northeastern Rural E M C,IN,Cooperative,60.6,58.2,32511.0,1.041237113402062,0.03999999999999997
12199,Montana-Dakota Utilities Co,SD,Investor Owned,153.99,148.01,9258.0,1.0404026754948992,0.09966666666666697
17599,Southeastern Indiana R E M C,IN,Cooperative,255.4,248.5,28676.0,1.0277665995975855,0.11500000000000009
17550,South Central Electric Assn,MN,Cooperative,71.696,70.285,5944.0,1.020075407270399,0.02351666666666669
7891,Guernsey-Muskingum El Coop Inc,OH,Cooperative,494.44,485.1,17356.0,1.019253762110905,0.15566666666666626
13664,Norris Public Power District,NE,Political Subdivision,203.7,200.4,28825.0,1.0164670658682633,0.054999999999999716
407,Altamaha Electric Member Corp,GA,Cooperative,17313.0,17059.0,21870.0,1.0148895011430916,4.233333333333333
5202,Dixie Electric Membership Corp - (LA),LA,Cooperative,237.14,234.74,117186.0,1.0102240777029905,0.03999999999999962
8620,"HILCO Electric Cooperative, Inc.",TX,Cooperative,124.1,122.9,35196.0,1.0097640358014646,0.01999999999999981
11200,"Lorain-Medina R E C, Inc",OH,Cooperative,158.569,157.529,16831.0,1.0066019590043738,0.0173333333333332
155,Agralite Electric Coop,MN,Cooperative,68.126,67.749,5397.0,1.0055646577809267,0.006283333333333492
9425,Iowa Lakes Electric Coop,IA,Cooperative,44.9,44.7,13237.0,1.0044742729306486,0.0033333333333332624
8761,Holmes-Wayne Electric Coop Inc,OH,Cooperative,178.08,177.535,18045.0,1.00306981721914,0.0090833333333336
12199,Montana-Dakota Utilities Co,WY,Investor Owned,107.2,107.03,18970.0,1.0015883397178362,0.0028333333333333617
108,Adams-Columbia Electric Coop,WI,Cooperative,140.019,140.019,39641.0,1.0,0.0
207,Alameda Municipal Power,CA,Municipal,54.924,54.924,37072.0,1.0,0.0
213,Alaska Electric Light & Power Co.,AK,Investor Owned,156.37,156.37,17719.0,1.0,0.0
295,City of Alexandria - (MN),MN,Municipal,3.962,3.962,10692.0,1.0,0.0
590,City of Anaheim - (CA),CA,Municipal,46.34,46.34,117000.0,1.0,0.0
691,City of Anoka,MN,Municipal,39.779,39.779,13004.0,1.0,0.0
2138,Brainerd Public Utilities,MN,Municipal,95.76,95.76,8344.0,1.0,0.0
2144,Town of Braintree - (MA),MA,Municipal,2.53,2.53,16598.0,1.0,0.0
2285,City of Brookings - (SD),SD,Municipal,10.568,10.568,12252.0,1.0,0.0
3291,Central Virginia Electric Coop,VA,Cooperative,351.0,351.0,39366.0,1.0,0.0
3329,Borough of Chambersburg,PA,Municipal,18.04,18.04,11890.0,1.0,0.0
3436,Cherryland Electric Coop Inc,MI,Cooperative,65.281,65.281,39158.0,1.0,0.0
3461,Cheyenne Light Fuel & Power,WY,Investor Owned,33.407,33.407,44112.0,1.0,0.0
3762,City of Cleveland - (OH),OH,Municipal,170.35,170.35,73666.0,1.0,0.0
3915,Coldwater Board of Public Util,MI,Municipal,28.559,28.559,7796.0,1.0,0.0
4045,City of Columbia - (MO),MO,Municipal,34.616,34.616,53435.0,1.0,0.0
4065,City of Columbus - (OH),OH,Municipal,245.27,245.27,19111.0,1.0,0.0
4146,Concho Valley Elec Coop Inc,TX,Cooperative,389.8,389.8,16031.0,1.0,0.0
4150,City of Concord - (NC),NC,Municipal,172.352,172.352,34243.0,1.0,0.0
4280,Conway Corporation,AR,Municipal,35.91,35.91,33419.0,1.0,0.0
4618,"Cullman Electric Coop, Inc",AL,Cooperative,231.9,231.9,48254.0,1.0,0.0
4675,Cuivre River Electric Coop Inc,MO,Cooperative,132.88,132.88,73195.0,1.0,0.0
4960,Decatur County Rural E M C,IN,Cooperative,182.564,182.564,8353.0,1.0,0.0
5588,East-Central Iowa Rural Elec Coop,IA,Cooperative,37.85,37.85,9114.0,1.0,0.0
5625,Easton Utilities Comm,MD,Municipal,10.492,10.492,10990.0,1.0,0.0
5701,El Paso Electric Co,NM,Investor Owned,99.639,99.639,109154.0,1.0,0.0
5701,El Paso Electric Co,TX,Investor Owned,56.241,56.241,357299.0,1.0,0.0
5862,"Empire Electric Assn, Inc",CO,Cooperative,158.2,158.2,17211.0,1.0,0.0
6022,City of Eugene - (OR),OR,Municipal,65.26,65.26,102048.0,1.0,0.0
6169,Fall River Rural Elec Coop Inc,WY,Cooperative,15.82,15.82,408.0,1.0,0.0
6258,Federated Rural Electric Assn,MN,Cooperative,76.702,76.702,6981.0,1.0,0.0
6374,Fitchburg Gas & Elec Light Co,MA,Investor Owned,64.6,64.6,30873.0,1.0,0.0
6424,Florence Utility Comm,WI,Municipal,41.695,41.695,1500.0,1.0,0.0
6427,City of Floresville,TX,Municipal,64.44,64.44,18061.0,1.0,0.0
6604,City of Fort Collins - (CO),CO,Municipal,11.09,11.09,79990.0,1.0,0.0
6638,City of Fountain,CO,Municipal,17.97,17.97,17628.0,1.0,0.0
6779,City of Fremont - (NE),NE,Municipal,17.78,17.78,16688.0,1.0,0.0
7563,Grand Valley Power,CO,Cooperative,94.3,94.3,19649.0,1.0,0.0
7627,City of Greenfield - (IN),IN,Municipal,9.78,9.78,13000.0,1.0,0.0
7639,Greenville Utilities Comm,NC,Municipal,33.28,33.28,74630.0,1.0,0.0
7977,City of Hamilton - (OH),OH,Municipal,90.451,90.451,29891.0,1.0,0.0
8319,Heartland Power Coop,MN,Cooperative,51.92,51.92,38.0,1.0,0.0
8449,Henderson City Utility Comm,KY,Municipal,19.589,19.589,11936.0,1.0,0.0
8566,High Plains Power Inc,WY,Cooperative,311.52,311.52,13979.0,1.0,0.0
8773,"Holy Cross Electric Assn, Inc",CO,Cooperative,56.481,56.481,61786.0,1.0,0.0
8774,City of Holyoke - (MA),MA,Municipal,61.575,61.575,17557.0,1.0,0.0
9187,City of Idaho Falls - (ID),ID,Municipal,72.4,72.4,32782.0,1.0,0.0
9216,Imperial Irrigation District,CA,Political Subdivision,60.96,60.96,165674.0,1.0,0.0
9230,City of Independence - (IA),IA,Municipal,10.673,10.673,3196.0,1.0,0.0
9612,City of Jackson - (TN),TN,Municipal,115.2,115.2,38314.0,1.0,0.0
10345,City of Kinston - (NC),NC,Municipal,56.73,56.73,12002.0,1.0,0.0
10879,Lehi City Corporation,UT,Municipal,42.035,42.035,30172.0,1.0,0.0
10960,City of Lewisburg - (TN),TN,Municipal,59.22,59.22,6662.0,1.0,0.0
11053,Linn County REC,IA,Cooperative,116.0,116.0,33181.0,1.0,0.0
11124,City of Lodi - (CA),CA,Municipal,16.6,16.6,25940.0,1.0,0.0
11187,City of Longmont,CO,Municipal,19.252,19.252,48509.0,1.0,0.0
11204,Los Alamos County,NM,Municipal,30.419,30.419,9045.0,1.0,0.0
11208,Los Angeles Department of Water & Power,CA,Municipal,111.16,111.16,1563515.0,1.0,0.0
11364,"Lyntegar Electric Coop, Inc",TX,Cooperative,184.49,184.49,23862.0,1.0,0.0
11646,City of Marietta - (GA),GA,Municipal,128.63,128.63,42716.0,1.0,0.0
11731,City of Marshall - (MN),MN,Municipal,0.65,0.65,6944.0,1.0,0.0
11824,Matanuska Electric Assn Inc,AK,Cooperative,258.113,258.113,70581.0,1.0,0.0
12227,Meeker Coop Light & Power Assn,MN,Cooperative,98.6,98.6,9450.0,1.0,0.0
12268,"Medina Electric Coop, Inc",TX,Cooperative,235.24,235.24,36166.0,1.0,0.0
12301,Nodak Electric Coop Inc,ND,Cooperative,108.2,108.2,21561.0,1.0,0.0
12377,Midwest Energy Cooperative - (MI),OH,Cooperative,278.8,278.8,1081.0,1.0,0.0
12539,Midwest Electric Member Corp - (NE),NE,Cooperative,81.24,81.24,6805.0,1.0,0.0
12647,"ALLETE, Inc.",MN,Investor Owned,119.9,119.9,138546.0,1.0,0.0
13027,"Mountain Electric Coop, Inc",TN,Cooperative,166.3,166.3,16262.0,1.0,0.0
13196,Northern Plains Electric Coop,ND,Cooperative,262.4,262.4,12225.0,1.0,0.0
13337,Nebraska Public Power District,NE,Political Subdivision,74.35,74.35,93975.0,1.0,0.0
13519,City of Newark - (DE),DE,Municipal,84.4,84.4,13439.0,1.0,0.0
13679,Town of North Attleborough - (MA),MA,Municipal,5.949,5.949,13894.0,1.0,0.0
13735,Northcentral Mississippi E P A,MS,Cooperative,241.0,241.0,34435.0,1.0,0.0
13750,"Northern Electric Coop, Inc",SD,Cooperative,49.761,49.761,6888.0,1.0,0.0
13781,Northern States Power Co - Minnesota,ND,Investor Owned,54.54,54.54,95754.0,1.0,0.0
13788,Northern Wasco County PUD,OR,Political Subdivision,34.841,34.841,10490.8,1.0,0.0
13831,City of Norwich - (CT),CT,Municipal,287.98,287.98,20898.0,1.0,0.0
14354,PacifiCorp,WY,Investor Owned,92.13,92.13,147268.0,1.0,0.0
14371,City of Paducah - (KY),KY,Municipal,17.76,17.76,22344.0,1.0,0.0
14534,City of Pasadena - (CA),CA,Municipal,42.936,42.936,66608.0,1.0,0.0
14626,"Pedernales Electric Coop, Inc",TX,Cooperative,57.443,57.443,425109.0,1.0,0.0
14864,Petit Jean Electric Coop Corp,AR,Cooperative,205.66,205.66,20695.0,1.0,0.0
15095,City of Piqua - (OH),OH,Municipal,25.768,25.768,10833.0,1.0,0.0
15159,City of Plymouth - (WI),WI,Municipal,30.99,30.99,8768.0,1.0,0.0
15444,Provo City Corp,UT,Municipal,35.37,35.37,41303.0,1.0,0.0
15783,City of Redding - (CA),CA,Municipal,34.07,34.07,47176.0,1.0,0.0
15979,City of Richland - (WA),WA,Municipal,93.996,93.996,27563.0,1.0,0.0
16082,City of River Falls,WI,Municipal,13.08,13.08,6612.0,1.0,0.0
16088,City of Riverside - (CA),CA,Municipal,76.61,76.61,113373.0,1.0,0.0
16558,City of Salem - (VA),VA,Municipal,26.785,26.785,13519.0,1.0,0.0
16565,Salmon River Electric Coop Inc,ID,Cooperative,198.88,198.88,3056.0,1.0,0.0
16627,San Patricio Electric Coop Inc,TX,Cooperative,199.676,199.676,12500.0,1.0,0.0
16751,Three Rivers Electric Coop,MO,Cooperative,137.012,137.012,24339.0,1.0,0.0
16971,Shakopee Public Utilities Comm,MN,Municipal,8.303,8.303,20529.0,1.0,0.0
17184,City of Siloam Springs - (AR),AR,Municipal,14.347,14.347,9787.0,1.0,0.0
17267,Sioux Valley SW Elec Coop,MN,Cooperative,20.15,20.15,3900.0,1.0,0.0
17267,Sioux Valley SW Elec Coop,SD,Cooperative,71.433,71.433,24475.0,1.0,0.0
17833,City Utilities of Springfield - (MO),MO,Municipal,65.328,65.328,121822.0,1.0,0.0
17896,City of Shasta Lake - (CA),CA,Municipal,76.5,76.5,4597.0,1.0,0.0
18047,Steele-Waseca Cooperative Electric,MN,Cooperative,41.0,41.0,12001.0,1.0,0.0
18252,City of Sturgis - (MI),MI,Municipal,13.907,13.907,7310.0,1.0,0.0
18312,Sun Prairie Utilities,WI,Municipal,33.54,33.54,18497.0,1.0,0.0
18488,City of Taunton,MA,Municipal,192.98,192.98,39242.0,1.0,0.0
18957,Tri-County Elec Member Corp (NC),NC,Cooperative,111.75,111.75,26981.0,1.0,0.0
19125,City of Traverse City - (MI),MI,Municipal,19.356,19.356,13781.0,1.0,0.0
19445,"Southern Indiana R E C, Inc",IN,Cooperative,219.7,219.7,9722.0,1.0,0.0
19490,United Electric Coop Service Inc - (TX),TX,Cooperative,111.81,111.81,105631.0,1.0,0.0
19499,"United Power, Inc",CO,Cooperative,76.896,76.896,114202.0,1.0,0.0
19545,"Black Hills Power, Inc.",MT,Investor Owned,59.4,59.4,43.0,1.0,0.0
19545,"Black Hills Power, Inc.",SD,Investor Owned,57.359,57.359,73846.0,1.0,0.0
19545,"Black Hills Power, Inc.",WY,Investor Owned,2.175,2.175,2593.0,1.0,0.0
19790,Verendrye Electric Coop Inc,ND,Cooperative,36.74,36.74,20677.0,1.0,0.0
19951,City of Wadsworth - (OH),OH,Municipal,54.0,54.0,13813.0,1.0,0.0
20187,Watertown Municipal Utilities,SD,Municipal,3.257,3.257,14404.0,1.0,0.0
20211,Village of Waunakee - (WI),WI,Municipal,40.464,40.464,7564.0,1.0,0.0
20213,Waupun Utilities,WI,Municipal,12.781,12.781,4510.0,1.0,0.0
20401,West River Electric Assn Inc,SD,Cooperative,43.5,43.5,21594.0,1.0,0.0
20521,Wheeling Power Co,WV,Investor Owned,661.1,661.1,41179.0,1.0,0.0
20963,Woodruff Electric Coop Corp,AR,Cooperative,37.9,37.9,16990.0,1.0,0.0
21075,Y-W Electric Assn Inc,CO,Cooperative,270.183,270.183,8856.0,1.0,0.0
21158,City of Zeeland - (MI),MI,Municipal,5.042,5.042,7020.0,1.0,0.0
24753,Boone County Rural EMC,IN,Cooperative,59.89,59.89,19043.0,1.0,0.0
24949,Cass County Elec Coop Inc,ND,Cooperative,24.49,24.49,58762.0,1.0,0.0
28541,Clatskanie Peoples Util Dist,OR,Political Subdivision,517.86,517.86,4777.0,1.0,0.0
40165,"Dixie Escalante R E A, Inc",AZ,Cooperative,55.043,55.043,3145.0,1.0,0.0
40165,"Dixie Escalante R E A, Inc",UT,Cooperative,27.25,27.25,29939.0,1.0,0.0
40304,Minnesota Valley Coop L&P Assn,MN,Cooperative,148.7,148.7,5361.0,1.0,0.0
55787,City of Moreno Valley - (CA),CA,Municipal,44.78,44.78,8944.0,1.0,0.0
65261,Gila River Indian Utility Authority (GRICUA),AZ,Cooperative,267.47,267.47,3582.0,1.0,0.0
